Age,Sleep Hours,Daily Screen Time,Stress Level,Use Before Sleep,Anxiety/Low Mood,Wellness Apps,Feel Rested,Sleep Quality,Screen Time Affects Sleep,Age Group,Screen Time Bucket
47,4,10,10,Yes,No,No,Yes,Bad,Yes,46-51,High (8-10h)
48,4,8,7,No,Yes,Yes,No,Bad,Yes,46-51,High (8-10h)
40,7,10,4,No,No,Yes,Sometimes,Bad,Yes,36-45,High (8-10h)
26,10,5,1,Yes,Yes,No,Yes,Good,No,26-35,Medium (5-7h)
47,5,7,7,Yes,Yes,No,Yes,Good,Yes,46-51,Medium (5-7h)
51,6,8,7,Yes,No,No,No,Good,Not Sure,46-51,High (8-10h)
20,9,3,1,No,No,No,Sometimes,Good,No,18-25,Low (1-4h)
21,5,9,7,No,No,No,Yes,Bad,No,18-25,High (8-10h)
40,8,5,4,Yes,Yes,No,No,Good,No,36-45,Medium (5-7h)
18,6,9,6,Yes,Yes,No,Sometimes,Good,Not Sure,18-25,High (8-10h)
34,4,10,9,No,Yes,No,Sometimes,Bad,Yes,26-35,High (8-10h)
51,6,9,6,No,No,No,No,Bad,Yes,46-51,High (8-10h)
29,7,7,4,Yes,No,No,No,Good,Yes,26-35,Medium (5-7h)
39,8,6,6,No,Yes,No,Yes,Good,No,36-45,Medium (5-7h)
44,4,10,8,No,Yes,No,Yes,Bad,Yes,36-45,High (8-10h)
18,9,5,4,No,No,Yes,No,Good,No,18-25,Medium (5-7h)
47,4,10,7,No,No,Yes,Sometimes,Bad,Yes,46-51,High (8-10h)
40,8,4,5,No,No,Yes,Yes,Good,No,36-45,Low (1-4h)
25,9,6,5,No,No,No,Yes,Good,No,18-25,Medium (5-7h)
18,10,3,5,No,No,No,No,Good,No,18-25,Low (1-4h)
21,8,4,1,No,Yes,Yes,No,Good,No,18-25,Low (1-4h)
51,10,4,2,No,Yes,No,Sometimes,Good,No,46-51,Low (1-4h)
33,6,9,5,Yes,No,No,Yes,Good,No,26-35,High (8-10h)
51,9,4,2,No,No,No,Yes,Good,No,46-51,Low (1-4h)
47,5,8,7,Yes,No,No,Sometimes,Good,No,46-51,High (8-10h)
50,8,3,5,No,No,Yes,Yes,Good,No,46-51,Low (1-4h)
51,8,3,6,No,No,No,No,Good,No,46-51,Low (1-4h)
37,10,6,4,Yes,Yes,Yes,No,Good,No,36-45,Medium (5-7h)
22,9,6,1,No,Yes,Yes,No,Good,No,18-25,Medium (5-7h)
48,6,10,6,Yes,Yes,No,Sometimes,Good,Yes,46-51,High (8-10h)
51,8,6,2,No,No,Yes,Sometimes,Good,No,46-51,Medium (5-7h)
19,7,10,4,No,No,No,Yes,Good,No,18-25,High (8-10h)
39,9,3,1,No,No,No,Yes,Good,No,36-45,Low (1-4h)
26,7,9,6,Yes,No,No,No,Good,Not Sure,26-35,High (8-10h)
51,8,5,3,Yes,Yes,Yes,Sometimes,Good,No,46-51,Medium (5-7h)
32,8,3,5,No,Yes,No,Yes,Good,No,26-35,Low (1-4h)
24,9,3,6,Yes,No,No,Sometimes,Good,No,18-25,Low (1-4h)
28,10,5,4,Yes,No,Yes,No,Good,No,26-35,Medium (5-7h)
24,9,4,3,Yes,Yes,No,Yes,Good,No,18-25,Low (1-4h)
43,7,9,6,Yes,Yes,No,Sometimes,Good,Yes,36-45,High (8-10h)
51,6,8,3,No,Yes,No,Sometimes,Bad,Not Sure,46-51,High (8-10h)
21,4,8,9,No,No,Yes,Yes,Bad,Yes,18-25,High (8-10h)
23,6,10,4,Yes,No,No,Sometimes,Good,Yes,18-25,High (8-10h)
48,8,6,6,No,No,Yes,Yes,Good,No,46-51,Medium (5-7h)
46,6,7,7,No,Yes,No,No,Good,Not Sure,46-51,Medium (5-7h)
19,8,3,2,Yes,No,Yes,Yes,Good,No,18-25,Low (1-4h)
37,6,8,3,No,Yes,Yes,Yes,Good,Not Sure,36-45,High (8-10h)
47,5,9,7,Yes,No,Yes,Sometimes,Good,Yes,46-51,High (8-10h)
25,7,6,5,No,Yes,Yes,No,Bad,No,18-25,Medium (5-7h)
39,8,4,3,Yes,No,Yes,No,Good,No,36-45,Low (1-4h)
33,6,8,6,No,No,No,No,Good,Yes,26-35,High (8-10h)
21,5,6,6,No,Yes,No,Yes,Bad,No,18-25,Medium (5-7h)
20,9,5,1,No,Yes,Yes,Sometimes,Good,No,18-25,Medium (5-7h)
46,10,3,6,Yes,No,Yes,Sometimes,Good,No,46-51,Low (1-4h)
51,8,5,4,Yes,Yes,No,No,Good,No,46-51,Medium (5-7h)
51,6,7,5,No,No,Yes,Sometimes,Bad,No,46-51,Medium (5-7h)
19,7,7,3,Yes,No,Yes,No,Good,Not Sure,18-25,Medium (5-7h)
29,9,6,6,No,No,No,No,Good,No,26-35,Medium (5-7h)
50,6,7,6,Yes,Yes,Yes,No,Good,No,46-51,Medium (5-7h)
51,5,7,8,Yes,Yes,No,Yes,Bad,Yes,46-51,Medium (5-7h)
20,4,7,7,No,No,No,Sometimes,Bad,Yes,18-25,Medium (5-7h)
20,7,9,4,No,Yes,No,Yes,Good,Not Sure,18-25,High (8-10h)
43,4,10,10,Yes,No,No,Yes,Bad,Yes,36-45,High (8-10h)
22,6,5,7,Yes,Yes,Yes,Sometimes,Bad,Not Sure,18-25,Medium (5-7h)
28,9,4,4,No,No,No,Sometimes,Good,No,26-35,Low (1-4h)
49,7,10,6,Yes,No,Yes,Yes,Bad,Not Sure,46-51,High (8-10h)
51,4,9,8,Yes,No,No,Sometimes,Bad,Yes,46-51,High (8-10h)
41,10,5,5,Yes,Yes,Yes,Sometimes,Good,No,36-45,Medium (5-7h)
29,6,8,7,Yes,Yes,Yes,Sometimes,Bad,No,26-35,High (8-10h)
35,4,10,8,Yes,No,No,Yes,Bad,Yes,26-35,High (8-10h)
21,7,6,5,Yes,Yes,No,Sometimes,Good,No,18-25,Medium (5-7h)
44,8,3,1,No,Yes,Yes,Sometimes,Good,No,36-45,Low (1-4h)
27,4,9,8,Yes,No,Yes,No,Bad,Yes,26-35,High (8-10h)
26,4,10,10,Yes,No,Yes,No,Bad,Yes,26-35,High (8-10h)
31,5,8,8,Yes,Yes,No,Sometimes,Bad,Not Sure,26-35,High (8-10h)
31,6,7,8,Yes,Yes,No,No,Good,Not Sure,26-35,Medium (5-7h)
41,6,6,6,No,No,Yes,Yes,Good,Yes,36-45,Medium (5-7h)
51,6,9,8,No,No,No,No,Bad,Yes,46-51,High (8-10h)
28,8,6,2,No,No,No,Sometimes,Good,No,26-35,Medium (5-7h)
18,7,6,3,No,Yes,No,Yes,Good,Yes,18-25,Medium (5-7h)
18,10,3,2,Yes,No,Yes,No,Good,No,18-25,Low (1-4h)
24,5,8,3,Yes,Yes,Yes,Yes,Bad,Yes,18-25,High (8-10h)
31,6,9,3,Yes,No,No,Yes,Good,Yes,26-35,High (8-10h)
49,7,10,8,Yes,No,No,Yes,Bad,Yes,46-51,High (8-10h)
18,10,3,4,Yes,Yes,Yes,Sometimes,Good,No,18-25,Low (1-4h)
33,9,6,3,No,No,Yes,No,Good,No,26-35,Medium (5-7h)
39,7,6,3,No,Yes,Yes,Sometimes,Good,No,36-45,Medium (5-7h)
51,10,3,1,Yes,No,No,No,Good,No,46-51,Low (1-4h)
19,10,5,5,No,No,Yes,Sometimes,Good,No,18-25,Medium (5-7h)
19,9,6,3,Yes,Yes,Yes,No,Good,No,18-25,Medium (5-7h)
51,4,10,9,No,No,Yes,Yes,Bad,Yes,46-51,High (8-10h)
44,5,6,3,Yes,Yes,No,Sometimes,Good,Not Sure,36-45,Medium (5-7h)
18,10,3,5,Yes,Yes,No,No,Good,No,18-25,Low (1-4h)
36,8,3,3,No,Yes,No,Sometimes,Good,No,36-45,Low (1-4h)
41,6,9,3,Yes,Yes,Yes,No,Good,No,36-45,High (8-10h)
51,6,10,4,Yes,No,No,No,Bad,Yes,46-51,High (8-10h)
51,4,10,10,Yes,Yes,No,Yes,Bad,Yes,46-51,High (8-10h)
34,10,3,1,Yes,Yes,Yes,No,Good,No,26-35,Low (1-4h)
34,5,9,5,No,Yes,No,Sometimes,Good,Yes,26-35,High (8-10h)
18,5,7,4,Yes,No,Yes,Sometimes,Bad,No,18-25,Medium (5-7h)
18,4,10,8,No,Yes,No,Yes,Bad,Yes,18-25,High (8-10h)
34,8,3,5,No,No,No,Sometimes,Good,No,26-35,Low (1-4h)
31,5,8,5,Yes,Yes,No,Yes,Bad,Not Sure,26-35,High (8-10h)
34,8,3,4,Yes,No,No,No,Good,No,26-35,Low (1-4h)
19,9,5,6,Yes,No,No,Sometimes,Good,No,18-25,Medium (5-7h)
20,4,10,9,No,No,Yes,Sometimes,Bad,Yes,18-25,High (8-10h)
32,9,4,5,No,Yes,Yes,Sometimes,Good,No,26-35,Low (1-4h)
35,10,6,1,Yes,No,No,Sometimes,Good,No,26-35,Medium (5-7h)
21,6,7,5,Yes,Yes,No,No,Bad,Not Sure,18-25,Medium (5-7h)
18,9,3,6,Yes,Yes,Yes,No,Good,No,18-25,Low (1-4h)
26,6,8,8,Yes,Yes,Yes,No,Bad,Not Sure,26-35,High (8-10h)
51,8,4,5,No,No,No,Sometimes,Good,No,46-51,Low (1-4h)
29,7,9,8,Yes,No,No,Yes,Bad,Not Sure,26-35,High (8-10h)
30,5,8,7,Yes,Yes,No,No,Good,Yes,26-35,High (8-10h)
47,10,3,4,Yes,No,No,Sometimes,Good,No,46-51,Low (1-4h)
47,10,3,3,Yes,No,No,Sometimes,Good,No,46-51,Low (1-4h)
43,9,5,2,Yes,Yes,No,Yes,Good,No,36-45,Medium (5-7h)
33,10,5,3,No,No,Yes,Yes,Good,No,26-35,Medium (5-7h)
51,8,3,4,Yes,No,No,Sometimes,Good,No,46-51,Low (1-4h)
51,7,5,8,Yes,No,No,No,Good,No,46-51,Medium (5-7h)
24,9,3,2,No,Yes,Yes,Sometimes,Good,No,18-25,Low (1-4h)
36,5,8,4,Yes,No,No,Yes,Bad,Not Sure,36-45,High (8-10h)
21,5,9,5,Yes,Yes,No,Sometimes,Good,No,18-25,High (8-10h)
48,6,6,6,Yes,No,No,Yes,Bad,Not Sure,46-51,Medium (5-7h)
35,8,3,5,No,No,Yes,Yes,Good,No,26-35,Low (1-4h)
45,8,3,6,Yes,No,No,Sometimes,Good,No,36-45,Low (1-4h)
36,8,3,5,No,No,Yes,Sometimes,Good,No,36-45,Low (1-4h)
37,6,6,3,Yes,No,Yes,No,Good,Yes,36-45,Medium (5-7h)
18,5,5,3,Yes,No,Yes,Yes,Bad,Yes,18-25,Medium (5-7h)
43,4,10,7,No,No,No,Sometimes,Bad,Yes,36-45,High (8-10h)
35,8,6,6,Yes,Yes,No,Yes,Good,No,26-35,Medium (5-7h)
30,4,7,10,No,Yes,Yes,Sometimes,Bad,Yes,26-35,Medium (5-7h)
24,8,4,4,No,No,No,Yes,Good,No,18-25,Low (1-4h)
51,7,8,6,No,Yes,Yes,Sometimes,Bad,Yes,46-51,High (8-10h)
36,4,10,8,No,No,No,Yes,Bad,Yes,36-45,High (8-10h)
25,9,5,1,No,Yes,No,No,Good,No,18-25,Medium (5-7h)
43,6,7,7,Yes,No,Yes,Yes,Bad,No,36-45,Medium (5-7h)
48,6,8,3,Yes,No,No,Yes,Bad,No,46-51,High (8-10h)
39,4,10,8,No,Yes,No,Sometimes,Bad,Yes,36-45,High (8-10h)
20,4,8,7,No,No,Yes,No,Bad,Yes,18-25,High (8-10h)
33,9,5,3,No,Yes,No,No,Good,No,26-35,Medium (5-7h)
22,8,4,1,Yes,Yes,Yes,Yes,Good,No,18-25,Low (1-4h)
39,7,10,4,Yes,Yes,No,Yes,Good,No,36-45,High (8-10h)
31,10,5,3,Yes,No,No,Sometimes,Good,No,26-35,Medium (5-7h)
41,10,5,5,Yes,No,No,Yes,Good,No,36-45,Medium (5-7h)
48,9,3,3,No,No,No,Sometimes,Good,No,46-51,Low (1-4h)
18,4,10,8,Yes,No,No,Yes,Bad,Yes,18-25,High (8-10h)
49,6,5,5,No,Yes,No,No,Good,Not Sure,46-51,Medium (5-7h)
46,5,9,6,Yes,No,Yes,No,Bad,No,46-51,High (8-10h)
32,5,6,8,No,Yes,No,Yes,Bad,Not Sure,26-35,Medium (5-7h)
44,7,8,3,No,No,No,No,Good,Yes,36-45,High (8-10h)
41,9,4,5,Yes,No,No,No,Good,No,36-45,Low (1-4h)
35,5,9,8,Yes,Yes,No,Yes,Bad,No,26-35,High (8-10h)
20,7,10,3,Yes,No,No,Sometimes,Bad,Not Sure,18-25,High (8-10h)
50,5,6,5,Yes,Yes,No,Sometimes,Bad,Not Sure,46-51,Medium (5-7h)
44,10,6,5,Yes,Yes,Yes,No,Good,No,36-45,Medium (5-7h)
37,9,3,3,Yes,Yes,No,Yes,Good,No,36-45,Low (1-4h)
20,6,7,8,No,Yes,No,Yes,Bad,Not Sure,18-25,Medium (5-7h)
50,6,9,8,No,Yes,Yes,No,Good,Not Sure,46-51,High (8-10h)
18,4,7,10,No,No,Yes,No,Bad,Yes,18-25,Medium (5-7h)
20,7,9,5,No,No,Yes,Yes,Bad,No,18-25,High (8-10h)
42,7,6,7,No,Yes,No,Sometimes,Good,No,36-45,Medium (5-7h)
21,4,9,8,Yes,Yes,Yes,No,Bad,Yes,18-25,High (8-10h)
18,8,3,4,No,No,No,Sometimes,Good,No,18-25,Low (1-4h)
33,10,6,5,No,Yes,Yes,No,Good,No,26-35,Medium (5-7h)
47,4,8,10,No,No,Yes,No,Bad,Yes,46-51,High (8-10h)
25,5,5,5,No,Yes,Yes,Sometimes,Bad,Yes,18-25,Medium (5-7h)
51,6,6,7,Yes,No,No,Yes,Bad,No,46-51,Medium (5-7h)
19,5,6,8,Yes,Yes,Yes,Yes,Good,No,18-25,Medium (5-7h)
41,5,6,5,No,Yes,Yes,Sometimes,Good,Not Sure,36-45,Medium (5-7h)
27,9,4,3,Yes,Yes,Yes,Sometimes,Good,No,26-35,Low (1-4h)
51,9,4,3,No,Yes,No,Yes,Good,No,46-51,Low (1-4h)
31,7,7,6,Yes,No,No,Sometimes,Bad,Yes,26-35,Medium (5-7h)
51,9,4,4,Yes,Yes,No,Yes,Good,No,46-51,Low (1-4h)
49,9,6,1,Yes,No,Yes,Yes,Good,No,46-51,Medium (5-7h)
35,7,10,4,No,Yes,No,Yes,Good,Not Sure,26-35,High (8-10h)
50,8,4,4,No,Yes,No,Sometimes,Good,No,46-51,Low (1-4h)
49,5,8,7,Yes,No,Yes,Sometimes,Good,No,46-51,High (8-10h)
39,8,3,2,No,Yes,Yes,Sometimes,Good,No,36-45,Low (1-4h)
23,7,6,4,Yes,Yes,Yes,Sometimes,Bad,Yes,18-25,Medium (5-7h)
21,9,4,2,No,Yes,Yes,No,Good,No,18-25,Low (1-4h)
51,7,7,6,Yes,Yes,Yes,Sometimes,Bad,Not Sure,46-51,Medium (5-7h)
43,8,4,4,Yes,Yes,No,Yes,Good,No,36-45,Low (1-4h)
18,7,7,4,No,No,No,No,Good,No,18-25,Medium (5-7h)
42,7,5,6,No,No,No,Yes,Good,Yes,36-45,Medium (5-7h)
26,4,9,10,Yes,No,No,No,Bad,Yes,26-35,High (8-10h)
18,6,7,8,No,Yes,Yes,Sometimes,Bad,Not Sure,18-25,Medium (5-7h)
20,6,6,4,Yes,Yes,No,Sometimes,Good,Not Sure,18-25,Medium (5-7h)
26,5,9,7,Yes,Yes,Yes,No,Bad,No,26-35,High (8-10h)
33,6,10,3,Yes,Yes,Yes,Yes,Good,No,26-35,High (8-10h)
18,7,9,4,No,Yes,No,Sometimes,Bad,Not Sure,18-25,High (8-10h)
22,5,7,4,Yes,No,No,Yes,Good,Yes,18-25,Medium (5-7h)
27,5,9,7,Yes,Yes,No,No,Bad,No,26-35,High (8-10h)
18,4,7,9,No,No,Yes,Sometimes,Bad,Yes,18-25,Medium (5-7h)
19,4,7,9,Yes,No,Yes,Yes,Bad,Yes,18-25,Medium (5-7h)
51,7,6,3,Yes,Yes,No,Yes,Bad,Not Sure,46-51,Medium (5-7h)
31,8,3,1,Yes,Yes,Yes,Yes,Good,No,26-35,Low (1-4h)
42,6,5,5,Yes,Yes,No,No,Bad,Yes,36-45,Medium (5-7h)
18,10,3,1,Yes,Yes,Yes,No,Good,No,18-25,Low (1-4h)
51,4,8,10,No,Yes,Yes,No,Bad,Yes,46-51,High (8-10h)
21,7,5,7,Yes,No,Yes,Yes,Bad,Yes,18-25,Medium (5-7h)
38,4,7,7,Yes,Yes,Yes,Sometimes,Bad,Yes,36-45,Medium (5-7h)
20,4,10,9,Yes,Yes,Yes,No,Bad,Yes,18-25,High (8-10h)
39,4,8,7,Yes,No,Yes,Yes,Bad,Yes,36-45,High (8-10h)
31,7,8,3,No,Yes,Yes,Sometimes,Good,No,26-35,High (8-10h)
51,6,8,8,Yes,Yes,Yes,Yes,Bad,Not Sure,46-51,High (8-10h)
26,5,5,6,Yes,Yes,No,Sometimes,Good,Yes,26-35,Medium (5-7h)
51,10,3,3,Yes,No,Yes,No,Good,No,46-51,Low (1-4h)
18,9,3,6,No,Yes,Yes,Yes,Good,No,18-25,Low (1-4h)
22,9,6,4,Yes,No,Yes,No,Good,No,18-25,Medium (5-7h)
47,10,6,4,No,No,Yes,Sometimes,Good,No,46-51,Medium (5-7h)
36,9,5,2,No,No,Yes,No,Good,No,36-45,Medium (5-7h)
51,7,10,3,Yes,No,No,No,Good,No,46-51,High (8-10h)
29,9,3,4,No,Yes,Yes,Sometimes,Good,No,26-35,Low (1-4h)
18,9,4,6,No,Yes,Yes,Sometimes,Good,No,18-25,Low (1-4h)
51,9,6,2,Yes,Yes,Yes,Yes,Good,No,46-51,Medium (5-7h)
26,10,4,3,No,No,Yes,Sometimes,Good,No,26-35,Low (1-4h)
19,7,8,4,No,No,No,No,Bad,Not Sure,18-25,High (8-10h)
46,7,8,7,No,No,No,No,Bad,Not Sure,46-51,High (8-10h)
23,4,10,9,No,No,Yes,No,Bad,Yes,18-25,High (8-10h)
42,7,5,8,No,Yes,No,Sometimes,Bad,No,36-45,Medium (5-7h)
38,6,7,6,Yes,No,Yes,No,Good,Not Sure,36-45,Medium (5-7h)
34,9,3,6,Yes,Yes,No,Sometimes,Good,No,26-35,Low (1-4h)
33,8,4,2,Yes,No,No,Sometimes,Good,No,26-35,Low (1-4h)
18,4,10,8,No,No,No,No,Bad,Yes,18-25,High (8-10h)
36,5,9,5,No,No,Yes,Sometimes,Bad,No,36-45,High (8-10h)
20,10,5,1,Yes,No,Yes,Yes,Good,No,18-25,Medium (5-7h)
18,7,10,4,Yes,Yes,No,Sometimes,Bad,No,18-25,High (8-10h)
44,4,9,9,No,Yes,No,Sometimes,Bad,Yes,36-45,High (8-10h)
20,5,8,6,Yes,Yes,Yes,Yes,Good,No,18-25,High (8-10h)
51,7,6,6,Yes,Yes,Yes,Yes,Bad,Not Sure,46-51,Medium (5-7h)
39,10,3,2,Yes,No,No,Yes,Good,No,36-45,Low (1-4h)
18,10,3,5,No,Yes,No,No,Good,No,18-25,Low (1-4h)
46,5,7,6,Yes,No,Yes,Sometimes,Good,Yes,46-51,Medium (5-7h)
18,8,4,3,Yes,No,No,No,Good,No,18-25,Low (1-4h)
32,5,9,5,Yes,Yes,No,Sometimes,Good,Yes,26-35,High (8-10h)
26,5,10,8,No,No,No,Yes,Bad,No,26-35,High (8-10h)
42,8,4,2,Yes,Yes,No,Yes,Good,No,36-45,Low (1-4h)
18,9,3,4,Yes,Yes,No,Sometimes,Good,No,18-25,Low (1-4h)
38,5,7,4,Yes,No,Yes,Sometimes,Bad,Yes,36-45,Medium (5-7h)
51,9,5,3,No,No,No,Sometimes,Good,No,46-51,Medium (5-7h)
51,7,10,7,No,Yes,No,No,Bad,Yes,46-51,High (8-10h)
51,7,8,8,No,No,Yes,No,Good,Not Sure,46-51,High (8-10h)
51,9,4,1,No,Yes,No,Yes,Good,No,46-51,Low (1-4h)
25,8,4,4,No,Yes,Yes,Sometimes,Good,No,18-25,Low (1-4h)
18,7,5,7,Yes,Yes,No,Yes,Bad,Yes,18-25,Medium (5-7h)
18,4,10,7,No,No,Yes,Yes,Bad,Yes,18-25,High (8-10h)
46,4,9,7,Yes,No,Yes,No,Bad,Yes,46-51,High (8-10h)
18,8,6,2,Yes,No,No,Sometimes,Good,No,18-25,Medium (5-7h)
23,5,7,4,Yes,Yes,No,Yes,Good,Yes,18-25,Medium (5-7h)
24,9,4,3,Yes,Yes,Yes,Sometimes,Good,No,18-25,Low (1-4h)
19,5,7,8,No,No,No,Yes,Bad,Not Sure,18-25,Medium (5-7h)
41,4,8,10,No,No,No,No,Bad,Yes,36-45,High (8-10h)
51,7,10,7,No,No,Yes,Yes,Bad,No,46-51,High (8-10h)
28,5,7,8,No,Yes,No,Sometimes,Good,No,26-35,Medium (5-7h)
35,7,8,7,No,Yes,Yes,Sometimes,Good,Not Sure,26-35,High (8-10h)
47,4,10,7,Yes,No,No,No,Bad,Yes,46-51,High (8-10h)
44,5,5,5,No,Yes,Yes,Sometimes,Bad,Not Sure,36-45,Medium (5-7h)
41,10,3,2,No,No,Yes,Yes,Good,No,36-45,Low (1-4h)
18,5,7,4,Yes,No,No,Yes,Bad,Not Sure,18-25,Medium (5-7h)
33,6,8,8,No,No,Yes,Sometimes,Bad,Not Sure,26-35,High (8-10h)
22,4,9,7,No,No,Yes,Sometimes,Bad,Yes,18-25,High (8-10h)
49,5,5,5,No,No,Yes,No,Bad,Not Sure,46-51,Medium (5-7h)
34,10,4,3,Yes,No,No,Sometimes,Good,No,26-35,Low (1-4h)
32,9,5,4,Yes,Yes,Yes,No,Good,No,26-35,Medium (5-7h)
33,7,7,4,No,Yes,No,No,Bad,No,26-35,Medium (5-7h)
24,10,6,4,Yes,Yes,Yes,Sometimes,Good,No,18-25,Medium (5-7h)
18,5,10,4,No,No,No,Sometimes,Good,No,18-25,High (8-10h)
35,10,6,5,Yes,No,No,Yes,Good,No,26-35,Medium (5-7h)
40,7,10,4,No,No,No,Sometimes,Good,Not Sure,36-45,High (8-10h)
25,5,10,6,Yes,Yes,No,Yes,Bad,Yes,18-25,High (8-10h)
18,5,5,3,Yes,No,Yes,Yes,Bad,Yes,18-25,Medium (5-7h)
47,9,5,5,Yes,No,No,Sometimes,Good,No,46-51,Medium (5-7h)
23,6,8,5,Yes,Yes,Yes,No,Good,No,18-25,High (8-10h)
35,9,6,5,No,No,No,No,Good,No,26-35,Medium (5-7h)
23,9,5,6,Yes,No,Yes,No,Good,No,18-25,Medium (5-7h)
28,7,8,7,Yes,No,No,Yes,Good,Yes,26-35,High (8-10h)
34,4,9,8,Yes,Yes,Yes,Sometimes,Bad,Yes,26-35,High (8-10h)
41,10,3,5,Yes,No,No,Sometimes,Good,No,36-45,Low (1-4h)
31,7,7,8,Yes,No,No,No,Good,No,26-35,Medium (5-7h)
23,5,10,5,Yes,Yes,No,Yes,Bad,No,18-25,High (8-10h)
20,4,8,8,Yes,Yes,Yes,Yes,Bad,Yes,18-25,High (8-10h)
51,7,8,4,Yes,No,No,Sometimes,Bad,Yes,46-51,High (8-10h)
50,4,10,9,Yes,Yes,Yes,No,Bad,Yes,46-51,High (8-10h)
36,5,8,8,Yes,Yes,No,Yes,Bad,Yes,36-45,High (8-10h)
41,10,5,4,Yes,No,No,No,Good,No,36-45,Medium (5-7h)
19,7,7,8,No,No,Yes,Sometimes,Good,Not Sure,18-25,Medium (5-7h)
51,8,6,5,Yes,No,Yes,Yes,Good,No,46-51,Medium (5-7h)
23,9,3,2,No,Yes,No,Sometimes,Good,No,18-25,Low (1-4h)
39,5,10,4,No,Yes,No,No,Good,Not Sure,36-45,High (8-10h)
40,7,9,4,Yes,No,No,No,Good,Not Sure,36-45,High (8-10h)
20,5,10,4,Yes,No,No,Sometimes,Good,No,18-25,High (8-10h)
30,5,10,4,Yes,Yes,Yes,Sometimes,Bad,No,26-35,High (8-10h)
38,7,7,3,No,Yes,No,Yes,Good,Not Sure,36-45,Medium (5-7h)
46,6,7,8,No,No,Yes,Sometimes,Bad,Not Sure,46-51,Medium (5-7h)
44,8,6,6,Yes,No,No,No,Good,No,36-45,Medium (5-7h)
49,8,3,3,No,No,No,Yes,Good,No,46-51,Low (1-4h)
45,8,5,5,Yes,No,Yes,Sometimes,Good,No,36-45,Medium (5-7h)
36,8,3,5,Yes,Yes,No,No,Good,No,36-45,Low (1-4h)
22,4,7,9,Yes,No,Yes,Sometimes,Bad,Yes,18-25,Medium (5-7h)
51,7,5,3,No,No,Yes,Sometimes,Good,Yes,46-51,Medium (5-7h)
51,10,3,5,No,No,No,Yes,Good,No,46-51,Low (1-4h)
24,4,9,8,No,Yes,No,Yes,Bad,Yes,18-25,High (8-10h)
31,5,5,8,Yes,No,No,Sometimes,Bad,No,26-35,Medium (5-7h)
41,6,7,4,No,Yes,No,Yes,Good,Yes,36-45,Medium (5-7h)
36,7,7,7,Yes,No,No,No,Good,No,36-45,Medium (5-7h)
36,4,10,8,No,Yes,Yes,Yes,Bad,Yes,36-45,High (8-10h)
34,10,4,1,No,Yes,No,Sometimes,Good,No,26-35,Low (1-4h)
48,6,7,5,Yes,No,No,No,Bad,No,46-51,Medium (5-7h)
44,10,4,6,Yes,No,Yes,No,Good,No,36-45,Low (1-4h)
40,9,3,5,No,No,Yes,Sometimes,Good,No,36-45,Low (1-4h)
30,9,4,3,Yes,Yes,Yes,Yes,Good,No,26-35,Low (1-4h)
18,5,5,4,Yes,No,No,Yes,Bad,Not Sure,18-25,Medium (5-7h)
51,4,10,8,No,Yes,No,Sometimes,Bad,Yes,46-51,High (8-10h)
37,6,7,4,Yes,Yes,Yes,Yes,Bad,No,36-45,Medium (5-7h)
41,4,9,7,Yes,No,Yes,No,Bad,Yes,36-45,High (8-10h)
18,8,3,2,Yes,No,Yes,No,Good,No,18-25,Low (1-4h)
37,9,3,1,Yes,Yes,No,Sometimes,Good,No,36-45,Low (1-4h)
40,9,4,6,Yes,No,Yes,Yes,Good,No,36-45,Low (1-4h)
20,6,5,7,No,No,No,No,Bad,No,18-25,Medium (5-7h)
41,7,5,7,No,Yes,Yes,No,Good,No,36-45,Medium (5-7h)
29,7,9,3,Yes,No,Yes,No,Bad,No,26-35,High (8-10h)
38,4,10,9,Yes,No,Yes,Sometimes,Bad,Yes,36-45,High (8-10h)
20,4,10,9,No,No,No,No,Bad,Yes,18-25,High (8-10h)
20,6,8,8,Yes,Yes,No,Sometimes,Good,No,18-25,High (8-10h)
30,10,3,2,Yes,Yes,Yes,No,Good,No,26-35,Low (1-4h)
21,4,10,8,No,Yes,No,No,Bad,Yes,18-25,High (8-10h)
51,5,10,6,No,No,No,No,Good,Yes,46-51,High (8-10h)
46,10,4,2,No,Yes,Yes,Yes,Good,No,46-51,Low (1-4h)
19,5,7,3,Yes,Yes,No,Sometimes,Bad,Not Sure,18-25,Medium (5-7h)
51,5,5,5,No,No,Yes,No,Bad,No,46-51,Medium (5-7h)
18,4,10,7,No,Yes,No,Sometimes,Bad,Yes,18-25,High (8-10h)
38,7,7,3,No,No,No,Sometimes,Bad,Not Sure,36-45,Medium (5-7h)
51,5,5,8,No,No,Yes,Sometimes,Good,No,46-51,Medium (5-7h)
50,5,8,7,No,Yes,Yes,No,Good,No,46-51,High (8-10h)
35,7,7,3,Yes,Yes,No,No,Good,No,26-35,Medium (5-7h)
47,4,9,8,No,Yes,Yes,No,Bad,Yes,46-51,High (8-10h)
45,8,6,2,Yes,Yes,No,No,Good,No,36-45,Medium (5-7h)
41,5,7,7,No,Yes,Yes,Yes,Bad,Not Sure,36-45,Medium (5-7h)
44,6,8,8,No,No,Yes,Yes,Good,Yes,36-45,High (8-10h)
38,4,10,10,Yes,Yes,Yes,Yes,Bad,Yes,36-45,High (8-10h)
39,8,3,4,Yes,No,No,No,Good,No,36-45,Low (1-4h)
22,4,7,8,Yes,Yes,No,No,Bad,Yes,18-25,Medium (5-7h)
18,5,9,7,Yes,Yes,Yes,Sometimes,Good,Not Sure,18-25,High (8-10h)
18,8,5,3,No,No,No,No,Good,No,18-25,Medium (5-7h)
38,6,9,6,No,Yes,Yes,Yes,Good,Not Sure,36-45,High (8-10h)
51,6,5,3,Yes,Yes,No,Sometimes,Bad,Yes,46-51,Medium (5-7h)
51,10,6,2,Yes,Yes,Yes,Sometimes,Good,No,46-51,Medium (5-7h)
28,9,3,4,No,No,No,Sometimes,Good,No,26-35,Low (1-4h)
18,9,3,5,No,Yes,Yes,No,Good,No,18-25,Low (1-4h)
51,9,5,6,Yes,No,No,Sometimes,Good,No,46-51,Medium (5-7h)
38,5,6,7,Yes,No,Yes,No,Bad,Not Sure,36-45,Medium (5-7h)
39,5,10,8,No,No,Yes,Yes,Good,Yes,36-45,High (8-10h)
40,7,10,7,No,Yes,No,Sometimes,Good,Not Sure,36-45,High (8-10h)
42,4,10,10,No,No,No,Yes,Bad,Yes,36-45,High (8-10h)
46,5,5,5,No,No,No,Sometimes,Bad,Yes,46-51,Medium (5-7h)
51,7,9,6,Yes,Yes,No,Sometimes,Good,No,46-51,High (8-10h)
18,5,10,4,No,Yes,No,Sometimes,Good,Yes,18-25,High (8-10h)
49,10,3,2,No,No,Yes,Sometimes,Good,No,46-51,Low (1-4h)
50,10,6,4,Yes,Yes,Yes,Sometimes,Good,No,46-51,Medium (5-7h)
21,7,6,6,Yes,Yes,Yes,Yes,Good,Yes,18-25,Medium (5-7h)
50,4,7,9,Yes,Yes,No,Sometimes,Bad,Yes,46-51,Medium (5-7h)
34,9,6,5,Yes,No,No,Sometimes,Good,No,26-35,Medium (5-7h)
21,8,3,1,No,Yes,Yes,No,Good,No,18-25,Low (1-4h)
27,8,3,6,No,No,No,Sometimes,Good,No,26-35,Low (1-4h)
38,4,9,10,Yes,No,Yes,Sometimes,Bad,Yes,36-45,High (8-10h)
28,8,5,2,Yes,Yes,No,Yes,Good,No,26-35,Medium (5-7h)
24,7,10,3,Yes,Yes,Yes,No,Bad,Not Sure,18-25,High (8-10h)
32,6,9,4,No,Yes,Yes,Sometimes,Bad,Not Sure,26-35,High (8-10h)
47,8,6,3,Yes,No,Yes,No,Good,No,46-51,Medium (5-7h)
19,4,10,9,Yes,No,No,Sometimes,Bad,Yes,18-25,High (8-10h)
37,6,5,7,Yes,Yes,No,No,Good,Not Sure,36-45,Medium (5-7h)
34,8,5,1,Yes,No,Yes,Yes,Good,No,26-35,Medium (5-7h)
29,9,3,3,No,Yes,No,Yes,Good,No,26-35,Low (1-4h)
18,8,3,4,Yes,No,Yes,Yes,Good,No,18-25,Low (1-4h)
18,8,4,3,Yes,Yes,No,Yes,Good,No,18-25,Low (1-4h)
40,4,9,9,No,No,Yes,No,Bad,Yes,36-45,High (8-10h)
47,10,6,2,Yes,Yes,No,Sometimes,Good,No,46-51,Medium (5-7h)
51,9,5,6,No,No,No,No,Good,No,46-51,Medium (5-7h)
43,4,10,7,Yes,No,Yes,Sometimes,Bad,Yes,36-45,High (8-10h)
32,8,3,1,Yes,No,No,Yes,Good,No,26-35,Low (1-4h)
50,10,6,6,Yes,Yes,No,Sometimes,Good,No,46-51,Medium (5-7h)
36,8,4,5,Yes,No,No,Yes,Good,No,36-45,Low (1-4h)
28,6,7,4,Yes,Yes,Yes,No,Bad,Yes,26-35,Medium (5-7h)
42,9,6,3,Yes,Yes,No,Yes,Good,No,36-45,Medium (5-7h)
46,8,4,3,No,No,No,Yes,Good,No,46-51,Low (1-4h)
20,7,8,4,Yes,Yes,Yes,Sometimes,Bad,No,18-25,High (8-10h)
18,6,7,5,No,Yes,Yes,No,Good,No,18-25,Medium (5-7h)
49,8,6,6,No,Yes,Yes,Sometimes,Good,No,46-51,Medium (5-7h)
28,4,8,10,Yes,No,No,Yes,Bad,Yes,26-35,High (8-10h)
25,6,8,3,Yes,Yes,Yes,No,Bad,No,18-25,High (8-10h)
43,7,5,7,No,No,Yes,No,Good,Yes,36-45,Medium (5-7h)
24,10,3,4,No,No,No,No,Good,No,18-25,Low (1-4h)
37,6,10,6,No,Yes,No,Sometimes,Bad,Yes,36-45,High (8-10h)
30,9,5,1,No,Yes,No,No,Good,No,26-35,Medium (5-7h)
28,5,5,6,No,Yes,Yes,Sometimes,Bad,No,26-35,Medium (5-7h)
21,5,5,6,Yes,No,Yes,No,Good,Not Sure,18-25,Medium (5-7h)
51,8,6,6,No,No,No,No,Good,No,46-51,Medium (5-7h)
30,9,6,3,No,No,Yes,Sometimes,Good,No,26-35,Medium (5-7h)
36,9,4,4,No,Yes,Yes,Yes,Good,No,36-45,Low (1-4h)
51,10,4,5,No,Yes,No,Yes,Good,No,46-51,Low (1-4h)
37,6,5,8,Yes,No,No,Sometimes,Good,Yes,36-45,Medium (5-7h)
35,4,8,8,No,No,Yes,No,Bad,Yes,26-35,High (8-10h)
46,8,4,6,Yes,No,Yes,Sometimes,Good,No,46-51,Low (1-4h)
21,6,8,8,No,Yes,No,Yes,Bad,Yes,18-25,High (8-10h)
18,5,5,4,Yes,No,Yes,No,Good,Yes,18-25,Medium (5-7h)
38,8,3,2,No,No,No,Yes,Good,No,36-45,Low (1-4h)
26,10,4,3,No,No,No,Yes,Good,No,26-35,Low (1-4h)
22,4,9,8,Yes,Yes,No,No,Bad,Yes,18-25,High (8-10h)
18,7,8,3,Yes,No,No,No,Bad,No,18-25,High (8-10h)
37,8,3,3,Yes,Yes,Yes,Sometimes,Good,No,36-45,Low (1-4h)
51,4,9,8,Yes,Yes,No,No,Bad,Yes,46-51,High (8-10h)
44,6,5,5,No,No,Yes,No,Good,Not Sure,36-45,Medium (5-7h)
51,10,6,3,Yes,Yes,Yes,No,Good,No,46-51,Medium (5-7h)
46,6,9,3,No,Yes,Yes,No,Bad,Yes,46-51,High (8-10h)
48,7,7,3,Yes,No,No,Yes,Good,Yes,46-51,Medium (5-7h)
30,8,4,2,Yes,No,Yes,Sometimes,Good,No,26-35,Low (1-4h)
42,4,8,10,No,Yes,Yes,No,Bad,Yes,36-45,High (8-10h)
25,9,3,6,No,Yes,Yes,No,Good,No,18-25,Low (1-4h)
24,6,7,3,Yes,Yes,Yes,Sometimes,Good,Not Sure,18-25,Medium (5-7h)
51,4,10,9,No,No,No,Yes,Bad,Yes,46-51,High (8-10h)
25,4,10,7,Yes,Yes,Yes,Yes,Bad,Yes,18-25,High (8-10h)
42,7,5,6,No,Yes,Yes,Sometimes,Bad,Yes,36-45,Medium (5-7h)
51,9,3,2,No,Yes,No,No,Good,No,46-51,Low (1-4h)
25,10,6,4,Yes,Yes,No,Sometimes,Good,No,18-25,Medium (5-7h)
25,7,10,8,No,No,No,No,Good,Not Sure,18-25,High (8-10h)
31,10,3,2,Yes,Yes,No,No,Good,No,26-35,Low (1-4h)
23,4,9,8,Yes,Yes,No,No,Bad,Yes,18-25,High (8-10h)
18,7,7,6,No,Yes,Yes,Yes,Bad,Not Sure,18-25,Medium (5-7h)
51,10,3,1,Yes,No,Yes,No,Good,No,46-51,Low (1-4h)
18,10,4,4,Yes,Yes,Yes,Yes,Good,No,18-25,Low (1-4h)
42,7,7,6,No,Yes,No,Sometimes,Good,Yes,36-45,Medium (5-7h)
19,6,8,3,Yes,Yes,Yes,No,Bad,Yes,18-25,High (8-10h)
25,9,3,6,No,No,No,No,Good,No,18-25,Low (1-4h)
41,6,10,7,Yes,Yes,Yes,Sometimes,Bad,Not Sure,36-45,High (8-10h)
18,9,3,2,Yes,Yes,No,Yes,Good,No,18-25,Low (1-4h)
47,9,4,5,Yes,Yes,No,Sometimes,Good,No,46-51,Low (1-4h)
26,10,3,5,Yes,Yes,No,No,Good,No,26-35,Low (1-4h)
39,5,9,7,Yes,Yes,No,Yes,Bad,Yes,36-45,High (8-10h)
24,10,5,5,No,No,Yes,Sometimes,Good,No,18-25,Medium (5-7h)
20,10,6,6,No,Yes,Yes,No,Good,No,18-25,Medium (5-7h)
49,6,6,5,Yes,Yes,No,No,Bad,Yes,46-51,Medium (5-7h)
19,5,9,7,No,Yes,No,Yes,Good,Yes,18-25,High (8-10h)
45,5,6,7,Yes,No,No,No,Bad,No,36-45,Medium (5-7h)
28,6,5,4,No,No,Yes,No,Good,No,26-35,Medium (5-7h)
51,4,8,9,No,No,Yes,No,Bad,Yes,46-51,High (8-10h)
42,7,10,8,Yes,Yes,No,Yes,Good,Yes,36-45,High (8-10h)
18,7,8,4,Yes,Yes,Yes,No,Bad,Yes,18-25,High (8-10h)
43,8,5,4,No,Yes,No,Sometimes,Good,No,36-45,Medium (5-7h)
28,5,10,3,No,No,No,Sometimes,Good,Yes,26-35,High (8-10h)
45,4,8,7,Yes,No,Yes,Yes,Bad,Yes,36-45,High (8-10h)
30,5,10,5,No,No,No,Sometimes,Good,No,26-35,High (8-10h)
43,7,10,6,Yes,Yes,No,Yes,Bad,No,36-45,High (8-10h)
29,9,6,5,No,No,Yes,Yes,Good,No,26-35,Medium (5-7h)
30,10,5,5,No,Yes,Yes,Sometimes,Good,No,26-35,Medium (5-7h)
38,4,9,8,No,Yes,No,Sometimes,Bad,Yes,36-45,High (8-10h)
23,4,9,7,No,Yes,No,No,Bad,Yes,18-25,High (8-10h)
51,5,5,6,No,No,Yes,No,Bad,Yes,46-51,Medium (5-7h)
41,8,6,6,No,No,Yes,No,Good,No,36-45,Medium (5-7h)
39,6,9,7,Yes,No,No,Sometimes,Bad,Not Sure,36-45,High (8-10h)
21,7,9,6,No,Yes,No,No,Bad,No,18-25,High (8-10h)
51,9,6,4,No,Yes,Yes,Yes,Good,No,46-51,Medium (5-7h)
40,8,6,2,Yes,No,Yes,Yes,Good,No,36-45,Medium (5-7h)
49,9,6,2,Yes,Yes,Yes,Sometimes,Good,No,46-51,Medium (5-7h)
18,4,7,10,Yes,Yes,No,Sometimes,Bad,Yes,18-25,Medium (5-7h)
21,10,4,3,Yes,Yes,Yes,Yes,Good,No,18-25,Low (1-4h)
37,5,7,7,No,No,No,Sometimes,Bad,Not Sure,36-45,Medium (5-7h)
29,7,9,6,No,No,No,Sometimes,Good,Yes,26-35,High (8-10h)
23,5,9,5,No,No,No,No,Good,No,18-25,High (8-10h)
41,7,7,7,No,Yes,Yes,Yes,Bad,Not Sure,36-45,Medium (5-7h)
51,7,8,6,No,Yes,Yes,Yes,Bad,Not Sure,46-51,High (8-10h)
49,6,7,7,Yes,No,Yes,No,Good,No,46-51,Medium (5-7h)
46,5,8,4,Yes,No,No,Yes,Bad,Yes,46-51,High (8-10h)
43,8,3,3,No,Yes,Yes,No,Good,No,36-45,Low (1-4h)
18,4,10,8,No,Yes,Yes,Sometimes,Bad,Yes,18-25,High (8-10h)
23,10,3,5,No,Yes,No,No,Good,No,18-25,Low (1-4h)
36,4,10,9,No,Yes,Yes,Yes,Bad,Yes,36-45,High (8-10h)
51,9,6,2,No,Yes,No,No,Good,No,46-51,Medium (5-7h)
18,7,6,4,Yes,Yes,Yes,No,Good,Not Sure,18-25,Medium (5-7h)
44,9,6,6,No,No,No,No,Good,No,36-45,Medium (5-7h)
22,7,6,6,Yes,No,Yes,Yes,Bad,Not Sure,18-25,Medium (5-7h)
41,4,9,7,Yes,No,No,Sometimes,Bad,Yes,36-45,High (8-10h)
30,4,7,7,Yes,No,Yes,Yes,Bad,Yes,26-35,Medium (5-7h)
29,7,6,4,Yes,No,No,Sometimes,Good,Yes,26-35,Medium (5-7h)
19,5,9,8,No,No,Yes,Yes,Good,Yes,18-25,High (8-10h)
19,8,3,1,Yes,Yes,No,Sometimes,Good,No,18-25,Low (1-4h)
51,7,8,8,Yes,No,No,No,Good,Yes,46-51,High (8-10h)
35,8,4,6,No,Yes,No,Yes,Good,No,26-35,Low (1-4h)
46,4,10,7,Yes,No,Yes,Yes,Bad,Yes,46-51,High (8-10h)
24,9,4,4,Yes,Yes,Yes,Sometimes,Good,No,18-25,Low (1-4h)
32,9,3,6,Yes,No,No,No,Good,No,26-35,Low (1-4h)
26,9,4,3,No,Yes,Yes,Yes,Good,No,26-35,Low (1-4h)
44,9,3,4,No,No,Yes,Sometimes,Good,No,36-45,Low (1-4h)
49,10,6,2,Yes,Yes,No,Sometimes,Good,No,46-51,Medium (5-7h)
35,7,10,4,No,Yes,Yes,Yes,Bad,Not Sure,26-35,High (8-10h)
46,6,5,6,No,Yes,Yes,No,Bad,No,46-51,Medium (5-7h)
28,4,10,9,Yes,Yes,No,No,Bad,Yes,26-35,High (8-10h)
45,10,3,3,No,No,No,Sometimes,Good,No,36-45,Low (1-4h)
18,7,9,8,No,Yes,Yes,No,Bad,Not Sure,18-25,High (8-10h)
44,4,10,8,Yes,No,Yes,Yes,Bad,Yes,36-45,High (8-10h)
38,9,4,4,Yes,Yes,No,Yes,Good,No,36-45,Low (1-4h)
47,9,3,6,No,Yes,Yes,Sometimes,Good,No,46-51,Low (1-4h)
45,8,3,2,Yes,Yes,No,No,Good,No,36-45,Low (1-4h)
24,9,5,6,No,Yes,Yes,No,Good,No,18-25,Medium (5-7h)
38,9,3,4,Yes,No,No,Sometimes,Good,No,36-45,Low (1-4h)
51,10,4,1,No,No,No,Yes,Good,No,46-51,Low (1-4h)
39,8,4,5,Yes,Yes,Yes,Yes,Good,No,36-45,Low (1-4h)
36,4,10,7,Yes,No,No,Sometimes,Bad,Yes,36-45,High (8-10h)
33,4,7,8,Yes,Yes,No,Sometimes,Bad,Yes,26-35,Medium (5-7h)
18,7,10,5,Yes,No,Yes,Sometimes,Good,Not Sure,18-25,High (8-10h)
22,7,7,8,Yes,No,No,No,Good,No,18-25,Medium (5-7h)
33,8,5,5,No,No,No,Sometimes,Good,No,26-35,Medium (5-7h)
18,7,6,6,No,Yes,Yes,No,Good,Not Sure,18-25,Medium (5-7h)
39,9,3,6,Yes,Yes,No,Yes,Good,No,36-45,Low (1-4h)
48,6,10,3,No,Yes,Yes,Sometimes,Good,Not Sure,46-51,High (8-10h)
51,9,4,6,No,Yes,No,Sometimes,Good,No,46-51,Low (1-4h)
35,5,6,7,No,No,No,Sometimes,Bad,Yes,26-35,Medium (5-7h)
37,6,6,6,No,No,Yes,Sometimes,Bad,No,36-45,Medium (5-7h)
37,6,6,5,No,No,Yes,Sometimes,Good,No,36-45,Medium (5-7h)
51,6,7,8,Yes,No,Yes,Sometimes,Bad,Yes,46-51,Medium (5-7h)
46,7,6,5,No,No,No,Yes,Good,Yes,46-51,Medium (5-7h)
51,10,5,1,No,No,Yes,No,Good,No,46-51,Medium (5-7h)
51,9,3,4,No,Yes,Yes,Sometimes,Good,No,46-51,Low (1-4h)
51,7,6,4,No,Yes,Yes,No,Good,No,46-51,Medium (5-7h)
21,5,8,6,No,No,No,No,Bad,Not Sure,18-25,High (8-10h)
26,5,5,3,No,Yes,No,No,Good,Not Sure,26-35,Medium (5-7h)
20,9,3,6,Yes,Yes,Yes,Sometimes,Good,No,18-25,Low (1-4h)
24,9,3,4,Yes,Yes,Yes,Sometimes,Good,No,18-25,Low (1-4h)
19,5,5,5,Yes,Yes,No,Sometimes,Good,Not Sure,18-25,Medium (5-7h)
45,5,9,5,No,No,Yes,Sometimes,Bad,Not Sure,36-45,High (8-10h)
25,7,5,4,No,Yes,Yes,Sometimes,Bad,Not Sure,18-25,Medium (5-7h)
42,4,10,7,No,Yes,Yes,Sometimes,Bad,Yes,36-45,High (8-10h)
51,5,7,6,No,Yes,Yes,No,Good,Yes,46-51,Medium (5-7h)
40,7,7,6,No,Yes,Yes,Sometimes,Bad,Yes,36-45,Medium (5-7h)
42,7,8,8,Yes,Yes,No,Yes,Good,Not Sure,36-45,High (8-10h)
34,5,7,6,No,No,No,Sometimes,Bad,No,26-35,Medium (5-7h)
28,9,3,4,Yes,Yes,No,No,Good,No,26-35,Low (1-4h)
51,9,5,1,No,No,No,No,Good,No,46-51,Medium (5-7h)
49,5,10,8,No,Yes,Yes,Sometimes,Bad,Not Sure,46-51,High (8-10h)
18,5,7,4,Yes,No,Yes,No,Bad,Not Sure,18-25,Medium (5-7h)
24,9,3,1,Yes,No,No,No,Good,No,18-25,Low (1-4h)
30,4,8,9,Yes,Yes,Yes,Sometimes,Bad,Yes,26-35,High (8-10h)
18,4,9,9,No,No,Yes,No,Bad,Yes,18-25,High (8-10h)
38,10,4,1,Yes,No,No,Sometimes,Good,No,36-45,Low (1-4h)
49,5,5,4,No,No,Yes,No,Bad,Yes,46-51,Medium (5-7h)
46,6,5,7,Yes,Yes,No,Yes,Good,No,46-51,Medium (5-7h)
29,6,5,3,Yes,Yes,No,Sometimes,Good,Not Sure,26-35,Medium (5-7h)
34,6,6,6,Yes,Yes,No,No,Bad,Not Sure,26-35,Medium (5-7h)
43,9,3,6,No,Yes,No,No,Good,No,36-45,Low (1-4h)
36,9,5,4,Yes,No,Yes,Sometimes,Good,No,36-45,Medium (5-7h)
39,6,10,6,Yes,Yes,No,Yes,Bad,Yes,36-45,High (8-10h)
36,6,10,7,Yes,No,Yes,Yes,Good,Yes,36-45,High (8-10h)
18,6,5,5,Yes,No,No,No,Good,Not Sure,18-25,Medium (5-7h)
46,9,5,2,Yes,No,No,Yes,Good,No,46-51,Medium (5-7h)
28,5,5,6,No,Yes,Yes,No,Good,Yes,26-35,Medium (5-7h)
22,6,9,7,Yes,No,No,Yes,Bad,No,18-25,High (8-10h)
29,9,4,4,Yes,No,No,No,Good,No,26-35,Low (1-4h)
27,8,6,6,No,No,Yes,Yes,Good,No,26-35,Medium (5-7h)
32,6,5,4,Yes,Yes,Yes,No,Good,Yes,26-35,Medium (5-7h)
43,10,6,1,No,No,Yes,Yes,Good,No,36-45,Medium (5-7h)
37,5,8,8,Yes,No,No,No,Bad,No,36-45,High (8-10h)
41,4,8,8,No,Yes,No,Yes,Bad,Yes,36-45,High (8-10h)
51,9,3,4,Yes,Yes,No,Sometimes,Good,No,46-51,Low (1-4h)
42,7,6,4,No,No,Yes,No,Bad,Yes,36-45,Medium (5-7h)
51,8,3,4,No,No,Yes,No,Good,No,46-51,Low (1-4h)
21,9,6,2,No,Yes,No,Sometimes,Good,No,18-25,Medium (5-7h)
18,6,5,7,Yes,No,No,Yes,Good,Not Sure,18-25,Medium (5-7h)
18,10,3,4,No,Yes,No,No,Good,No,18-25,Low (1-4h)
33,5,7,7,Yes,Yes,Yes,Sometimes,Bad,Not Sure,26-35,Medium (5-7h)
21,4,8,7,No,Yes,Yes,Sometimes,Bad,Yes,18-25,High (8-10h)
35,4,7,10,No,Yes,No,Sometimes,Bad,Yes,26-35,Medium (5-7h)
19,5,5,7,Yes,Yes,No,Yes,Good,Not Sure,18-25,Medium (5-7h)
18,10,6,4,Yes,No,No,No,Good,No,18-25,Medium (5-7h)
20,8,3,3,No,Yes,Yes,Sometimes,Good,No,18-25,Low (1-4h)
29,8,4,5,No,No,No,Sometimes,Good,No,26-35,Low (1-4h)
22,5,10,7,No,Yes,Yes,No,Good,Not Sure,18-25,High (8-10h)
42,6,6,4,Yes,No,No,Yes,Bad,Not Sure,36-45,Medium (5-7h)
23,8,3,3,No,Yes,No,Sometimes,Good,No,18-25,Low (1-4h)
49,8,6,5,No,Yes,No,Yes,Good,No,46-51,Medium (5-7h)
34,10,6,1,Yes,No,Yes,Sometimes,Good,No,26-35,Medium (5-7h)
41,10,6,1,No,Yes,No,Sometimes,Good,No,36-45,Medium (5-7h)
31,5,10,4,No,No,Yes,Sometimes,Good,Yes,26-35,High (8-10h)
18,9,3,3,Yes,No,Yes,No,Good,No,18-25,Low (1-4h)
42,8,4,5,Yes,No,Yes,No,Good,No,36-45,Low (1-4h)
51,7,7,6,No,Yes,Yes,Yes,Good,No,46-51,Medium (5-7h)
33,7,9,8,No,No,No,No,Good,Yes,26-35,High (8-10h)
22,8,6,1,Yes,No,No,No,Good,No,18-25,Medium (5-7h)
21,6,9,3,No,No,Yes,No,Bad,No,18-25,High (8-10h)
18,5,9,6,No,No,Yes,Sometimes,Good,Yes,18-25,High (8-10h)
22,4,10,8,No,Yes,Yes,No,Bad,Yes,18-25,High (8-10h)
18,5,7,8,No,Yes,No,No,Good,Yes,18-25,Medium (5-7h)
26,9,4,4,Yes,No,No,Sometimes,Good,No,26-35,Low (1-4h)
30,4,7,10,No,No,Yes,No,Bad,Yes,26-35,Medium (5-7h)
18,4,10,10,Yes,Yes,No,No,Bad,Yes,18-25,High (8-10h)
29,5,5,7,Yes,No,No,Yes,Good,Yes,26-35,Medium (5-7h)
45,7,10,6,No,Yes,No,Sometimes,Good,No,36-45,High (8-10h)
42,7,8,3,No,No,Yes,Yes,Bad,Yes,36-45,High (8-10h)
30,9,5,6,Yes,No,No,Sometimes,Good,No,26-35,Medium (5-7h)
34,10,6,1,No,No,Yes,Sometimes,Good,No,26-35,Medium (5-7h)
44,4,10,9,Yes,Yes,Yes,No,Bad,Yes,36-45,High (8-10h)
31,9,6,4,Yes,Yes,Yes,Yes,Good,No,26-35,Medium (5-7h)
18,10,3,3,No,Yes,Yes,No,Good,No,18-25,Low (1-4h)
25,5,7,3,Yes,No,Yes,Yes,Good,No,18-25,Medium (5-7h)
47,4,8,9,Yes,Yes,No,Sometimes,Bad,Yes,46-51,High (8-10h)
30,5,5,6,No,Yes,Yes,Yes,Good,Yes,26-35,Medium (5-7h)
27,7,9,8,Yes,No,Yes,No,Bad,Not Sure,26-35,High (8-10h)
18,6,5,4,Yes,Yes,No,Sometimes,Good,No,18-25,Medium (5-7h)
18,5,5,3,No,Yes,No,Sometimes,Bad,Not Sure,18-25,Medium (5-7h)
34,6,6,3,Yes,Yes,Yes,Sometimes,Good,No,26-35,Medium (5-7h)
46,9,3,3,Yes,Yes,No,No,Good,No,46-51,Low (1-4h)
51,6,6,3,Yes,Yes,Yes,Sometimes,Bad,Yes,46-51,Medium (5-7h)
51,9,4,1,Yes,No,Yes,No,Good,No,46-51,Low (1-4h)
41,4,7,8,No,No,No,No,Bad,Yes,36-45,Medium (5-7h)
35,5,6,5,Yes,No,No,Sometimes,Bad,No,26-35,Medium (5-7h)
30,4,10,7,No,Yes,No,No,Bad,Yes,26-35,High (8-10h)
31,4,8,7,No,No,Yes,Yes,Bad,Yes,26-35,High (8-10h)
51,8,5,1,Yes,Yes,Yes,Yes,Good,No,46-51,Medium (5-7h)
51,7,5,5,No,No,No,No,Good,Yes,46-51,Medium (5-7h)
27,4,10,9,No,Yes,No,Sometimes,Bad,Yes,26-35,High (8-10h)
18,8,4,2,Yes,Yes,Yes,Sometimes,Good,No,18-25,Low (1-4h)
23,8,4,5,Yes,No,No,No,Good,No,18-25,Low (1-4h)
29,6,6,6,Yes,Yes,Yes,Yes,Good,Not Sure,26-35,Medium (5-7h)
51,10,4,3,Yes,Yes,Yes,Sometimes,Good,No,46-51,Low (1-4h)
22,8,6,4,No,No,Yes,Yes,Good,No,18-25,Medium (5-7h)
31,6,10,5,Yes,Yes,No,No,Bad,Yes,26-35,High (8-10h)
28,8,3,4,No,No,No,Yes,Good,No,26-35,Low (1-4h)
29,8,3,5,Yes,No,Yes,Yes,Good,No,26-35,Low (1-4h)
35,4,9,7,No,Yes,Yes,Yes,Bad,Yes,26-35,High (8-10h)
43,7,9,6,No,Yes,No,Sometimes,Bad,No,36-45,High (8-10h)
48,7,10,8,No,Yes,No,Sometimes,Bad,No,46-51,High (8-10h)
18,6,6,8,Yes,Yes,Yes,Yes,Bad,No,18-25,Medium (5-7h)
43,8,3,1,Yes,No,Yes,Yes,Good,No,36-45,Low (1-4h)
51,7,7,5,No,No,No,Sometimes,Good,Yes,46-51,Medium (5-7h)
46,4,8,10,No,Yes,Yes,No,Bad,Yes,46-51,High (8-10h)
51,9,3,4,Yes,Yes,Yes,Sometimes,Good,No,46-51,Low (1-4h)
27,5,6,5,Yes,No,Yes,No,Good,No,26-35,Medium (5-7h)
33,9,3,3,Yes,Yes,No,Yes,Good,No,26-35,Low (1-4h)
51,6,7,4,Yes,No,Yes,No,Good,Not Sure,46-51,Medium (5-7h)
44,4,8,9,No,Yes,Yes,No,Bad,Yes,36-45,High (8-10h)
48,5,8,6,Yes,Yes,No,No,Good,Yes,46-51,High (8-10h)
32,7,6,8,Yes,Yes,Yes,Yes,Bad,Yes,26-35,Medium (5-7h)
40,9,5,5,Yes,Yes,Yes,Sometimes,Good,No,36-45,Medium (5-7h)
51,5,10,4,Yes,Yes,No,No,Bad,Not Sure,46-51,High (8-10h)
33,6,10,8,No,Yes,No,No,Good,No,26-35,High (8-10h)
37,10,5,1,No,Yes,No,No,Good,No,36-45,Medium (5-7h)
19,7,10,3,Yes,No,Yes,No,Good,No,18-25,High (8-10h)
41,10,6,5,Yes,No,No,No,Good,No,36-45,Medium (5-7h)
37,10,5,1,No,Yes,No,Yes,Good,No,36-45,Medium (5-7h)
47,5,8,4,No,No,No,Sometimes,Bad,No,46-51,High (8-10h)
18,5,5,3,Yes,No,Yes,Sometimes,Good,No,18-25,Medium (5-7h)
43,7,8,8,Yes,No,Yes,Sometimes,Good,Yes,36-45,High (8-10h)
18,7,9,5,No,No,No,No,Good,No,18-25,High (8-10h)
46,9,3,6,No,No,Yes,No,Good,No,46-51,Low (1-4h)
31,4,10,7,No,No,Yes,Sometimes,Bad,Yes,26-35,High (8-10h)
32,5,7,7,Yes,Yes,Yes,No,Good,No,26-35,Medium (5-7h)
39,6,5,3,Yes,Yes,Yes,No,Good,Yes,36-45,Medium (5-7h)
37,9,6,6,Yes,No,Yes,Yes,Good,No,36-45,Medium (5-7h)
22,4,7,10,No,No,No,No,Bad,Yes,18-25,Medium (5-7h)
18,7,8,8,Yes,Yes,No,Yes,Bad,Yes,18-25,High (8-10h)
30,6,8,5,No,Yes,Yes,No,Good,Yes,26-35,High (8-10h)
44,4,10,10,No,Yes,No,Sometimes,Bad,Yes,36-45,High (8-10h)
51,8,4,3,No,No,Yes,Sometimes,Good,No,46-51,Low (1-4h)
27,9,5,6,No,Yes,Yes,No,Good,No,26-35,Medium (5-7h)
20,6,9,8,No,Yes,No,Yes,Good,No,18-25,High (8-10h)
18,5,8,7,Yes,No,Yes,Yes,Good,Yes,18-25,High (8-10h)
39,10,3,3,No,Yes,No,Yes,Good,No,36-45,Low (1-4h)
42,9,6,4,Yes,Yes,Yes,Yes,Good,No,36-45,Medium (5-7h)
18,10,4,2,Yes,Yes,Yes,Yes,Good,No,18-25,Low (1-4h)
33,10,5,1,No,Yes,Yes,No,Good,No,26-35,Medium (5-7h)
47,7,5,4,Yes,Yes,No,Yes,Bad,Yes,46-51,Medium (5-7h)
47,5,7,8,Yes,Yes,Yes,No,Good,Not Sure,46-51,Medium (5-7h)
39,6,6,7,Yes,Yes,No,No,Bad,Not Sure,36-45,Medium (5-7h)
44,5,9,8,No,Yes,No,Yes,Bad,Yes,36-45,High (8-10h)
43,6,8,7,Yes,No,No,Yes,Good,Yes,36-45,High (8-10h)
41,6,10,7,Yes,Yes,No,Yes,Bad,Not Sure,36-45,High (8-10h)
22,10,4,6,Yes,Yes,No,Sometimes,Good,No,18-25,Low (1-4h)
41,9,6,1,No,Yes,No,Yes,Good,No,36-45,Medium (5-7h)
45,4,10,7,Yes,Yes,Yes,Sometimes,Bad,Yes,36-45,High (8-10h)
51,4,7,9,Yes,No,No,Sometimes,Bad,Yes,46-51,Medium (5-7h)
51,5,10,7,No,Yes,Yes,No,Bad,Not Sure,46-51,High (8-10h)
33,10,3,5,No,No,Yes,No,Good,No,26-35,Low (1-4h)
48,8,3,5,No,No,No,Sometimes,Good,No,46-51,Low (1-4h)
47,9,6,1,No,No,Yes,No,Good,No,46-51,Medium (5-7h)
27,6,6,8,No,Yes,Yes,Yes,Bad,Yes,26-35,Medium (5-7h)
18,9,6,5,No,Yes,Yes,No,Good,No,18-25,Medium (5-7h)
30,4,10,10,No,No,Yes,Yes,Bad,Yes,26-35,High (8-10h)
45,5,9,7,Yes,No,Yes,No,Bad,Yes,36-45,High (8-10h)
51,5,7,6,Yes,No,Yes,Sometimes,Bad,No,46-51,Medium (5-7h)
51,8,4,5,Yes,No,No,Yes,Good,No,46-51,Low (1-4h)
35,4,10,9,Yes,Yes,No,Sometimes,Bad,Yes,26-35,High (8-10h)
50,9,6,6,Yes,No,Yes,Yes,Good,No,46-51,Medium (5-7h)
41,7,5,4,Yes,No,No,No,Good,No,36-45,Medium (5-7h)
39,7,6,3,Yes,Yes,No,No,Bad,No,36-45,Medium (5-7h)
50,8,6,3,Yes,Yes,No,Sometimes,Good,No,46-51,Medium (5-7h)
42,9,3,6,Yes,No,No,No,Good,No,36-45,Low (1-4h)
18,6,9,4,Yes,No,Yes,No,Good,No,18-25,High (8-10h)
32,10,3,2,Yes,No,No,Yes,Good,No,26-35,Low (1-4h)
45,5,10,4,Yes,No,Yes,No,Bad,Yes,36-45,High (8-10h)
31,4,10,10,Yes,Yes,No,Yes,Bad,Yes,26-35,High (8-10h)
33,8,5,5,No,Yes,Yes,No,Good,No,26-35,Medium (5-7h)
41,5,7,6,Yes,No,No,Sometimes,Good,No,36-45,Medium (5-7h)
18,9,4,5,Yes,No,Yes,No,Good,No,18-25,Low (1-4h)
18,10,3,1,Yes,Yes,Yes,Yes,Good,No,18-25,Low (1-4h)
22,5,8,8,Yes,No,No,No,Good,Yes,18-25,High (8-10h)
47,10,3,6,Yes,No,No,No,Good,No,46-51,Low (1-4h)
40,6,7,6,Yes,Yes,Yes,Yes,Good,Not Sure,36-45,Medium (5-7h)
21,10,3,4,Yes,Yes,Yes,Yes,Good,No,18-25,Low (1-4h)
43,5,10,4,Yes,No,No,No,Bad,No,36-45,High (8-10h)
25,5,5,7,Yes,Yes,Yes,Sometimes,Good,Not Sure,18-25,Medium (5-7h)
32,5,6,5,No,No,Yes,Sometimes,Good,Not Sure,26-35,Medium (5-7h)
18,4,10,8,Yes,No,No,Sometimes,Bad,Yes,18-25,High (8-10h)
41,4,10,10,Yes,Yes,Yes,No,Bad,Yes,36-45,High (8-10h)
39,5,10,5,No,Yes,Yes,Yes,Good,Not Sure,36-45,High (8-10h)
37,7,9,6,Yes,No,Yes,Yes,Good,Yes,36-45,High (8-10h)
36,5,7,8,Yes,Yes,Yes,Sometimes,Bad,Yes,36-45,Medium (5-7h)
40,8,3,3,Yes,No,No,Sometimes,Good,No,36-45,Low (1-4h)
48,4,8,10,Yes,No,No,Yes,Bad,Yes,46-51,High (8-10h)
47,7,9,3,Yes,No,Yes,No,Bad,Not Sure,46-51,High (8-10h)
43,8,4,3,No,No,No,Yes,Good,No,36-45,Low (1-4h)
38,5,10,6,Yes,No,Yes,Sometimes,Bad,Yes,36-45,High (8-10h)
18,5,5,7,No,No,Yes,Sometimes,Bad,No,18-25,Medium (5-7h)
42,6,10,8,No,No,Yes,Sometimes,Bad,Not Sure,36-45,High (8-10h)
48,5,10,3,No,Yes,Yes,Sometimes,Bad,Yes,46-51,High (8-10h)
43,5,9,3,No,Yes,Yes,Sometimes,Bad,No,36-45,High (8-10h)
18,9,6,3,No,Yes,No,Sometimes,Good,No,18-25,Medium (5-7h)
48,6,7,6,Yes,No,No,Yes,Bad,Yes,46-51,Medium (5-7h)
42,6,8,3,No,Yes,No,Sometimes,Bad,Not Sure,36-45,High (8-10h)
18,9,6,3,No,Yes,No,Sometimes,Good,No,18-25,Medium (5-7h)
50,4,9,10,Yes,No,No,Yes,Bad,Yes,46-51,High (8-10h)
18,9,3,5,No,No,Yes,Yes,Good,No,18-25,Low (1-4h)
40,6,8,8,No,Yes,Yes,Yes,Good,No,36-45,High (8-10h)
51,7,5,6,Yes,No,No,Yes,Good,No,46-51,Medium (5-7h)
42,4,10,7,Yes,Yes,Yes,No,Bad,Yes,36-45,High (8-10h)
47,10,5,5,No,Yes,Yes,Sometimes,Good,No,46-51,Medium (5-7h)
50,6,6,6,No,Yes,Yes,Sometimes,Bad,Not Sure,46-51,Medium (5-7h)
25,7,8,4,Yes,Yes,No,Sometimes,Good,No,18-25,High (8-10h)
30,4,7,9,Yes,No,Yes,Sometimes,Bad,Yes,26-35,Medium (5-7h)
49,6,8,7,Yes,No,No,Yes,Good,Yes,46-51,High (8-10h)
36,6,5,7,No,Yes,No,Yes,Bad,No,36-45,Medium (5-7h)
45,6,5,3,No,No,Yes,Yes,Bad,Not Sure,36-45,Medium (5-7h)
27,4,10,10,No,No,Yes,Sometimes,Bad,Yes,26-35,High (8-10h)
22,8,4,3,Yes,No,No,No,Good,No,18-25,Low (1-4h)
38,6,5,4,Yes,No,Yes,Sometimes,Good,Not Sure,36-45,Medium (5-7h)
19,8,6,6,No,No,Yes,Yes,Good,No,18-25,Medium (5-7h)
20,7,5,4,No,No,Yes,No,Bad,Yes,18-25,Medium (5-7h)
39,9,3,3,No,Yes,No,Yes,Good,No,36-45,Low (1-4h)
42,8,6,6,No,Yes,Yes,No,Good,No,36-45,Medium (5-7h)
48,4,10,7,Yes,No,Yes,Yes,Bad,Yes,46-51,High (8-10h)
19,9,4,3,No,No,Yes,Yes,Good,No,18-25,Low (1-4h)
28,7,10,4,Yes,Yes,Yes,Sometimes,Good,Yes,26-35,High (8-10h)
51,9,6,4,No,No,Yes,No,Good,No,46-51,Medium (5-7h)
46,7,8,5,No,Yes,No,Sometimes,Good,Not Sure,46-51,High (8-10h)
44,7,7,6,No,No,Yes,Yes,Good,Not Sure,36-45,Medium (5-7h)
46,5,9,7,No,Yes,No,Yes,Good,Not Sure,46-51,High (8-10h)
30,5,5,5,Yes,Yes,Yes,Sometimes,Good,No,26-35,Medium (5-7h)
51,7,7,3,No,Yes,No,Yes,Bad,No,46-51,Medium (5-7h)
24,7,6,7,No,Yes,Yes,No,Good,Yes,18-25,Medium (5-7h)
18,5,10,6,Yes,Yes,Yes,Sometimes,Good,No,18-25,High (8-10h)
46,9,3,4,Yes,No,Yes,No,Good,No,46-51,Low (1-4h)
43,5,5,6,Yes,Yes,Yes,No,Good,No,36-45,Medium (5-7h)
18,6,9,5,Yes,Yes,Yes,No,Bad,Not Sure,18-25,High (8-10h)
30,6,8,4,No,Yes,No,Yes,Good,Not Sure,26-35,High (8-10h)
51,6,6,8,Yes,No,Yes,Yes,Bad,No,46-51,Medium (5-7h)
43,6,8,6,Yes,Yes,Yes,Yes,Good,Yes,36-45,High (8-10h)
23,8,4,3,Yes,Yes,No,No,Good,No,18-25,Low (1-4h)
24,5,5,5,No,Yes,No,No,Bad,Yes,18-25,Medium (5-7h)
47,5,7,4,No,No,No,Yes,Bad,No,46-51,Medium (5-7h)
19,9,5,1,Yes,No,Yes,Sometimes,Good,No,18-25,Medium (5-7h)
26,8,4,6,No,Yes,Yes,Yes,Good,No,26-35,Low (1-4h)
51,4,8,10,Yes,Yes,No,No,Bad,Yes,46-51,High (8-10h)
51,10,3,4,Yes,No,Yes,Sometimes,Good,No,46-51,Low (1-4h)
33,4,9,10,No,Yes,Yes,Sometimes,Bad,Yes,26-35,High (8-10h)
29,10,3,3,Yes,Yes,No,Sometimes,Good,No,26-35,Low (1-4h)
51,7,6,4,Yes,No,No,Sometimes,Good,Not Sure,46-51,Medium (5-7h)
44,10,5,2,Yes,Yes,Yes,No,Good,No,36-45,Medium (5-7h)
37,10,3,6,Yes,No,Yes,No,Good,No,36-45,Low (1-4h)
40,7,8,7,No,No,Yes,Sometimes,Good,Yes,36-45,High (8-10h)
50,7,10,3,Yes,No,No,No,Good,No,46-51,High (8-10h)
19,8,3,1,No,Yes,Yes,Yes,Good,No,18-25,Low (1-4h)
34,8,6,5,No,No,Yes,Yes,Good,No,26-35,Medium (5-7h)
42,7,7,6,Yes,Yes,Yes,Yes,Good,Yes,36-45,Medium (5-7h)
45,10,6,4,Yes,No,Yes,No,Good,No,36-45,Medium (5-7h)
21,8,5,5,Yes,No,Yes,No,Good,No,18-25,Medium (5-7h)
51,6,6,8,Yes,Yes,Yes,No,Bad,Yes,46-51,Medium (5-7h)
51,8,4,2,No,No,No,Yes,Good,No,46-51,Low (1-4h)
39,8,5,1,Yes,Yes,Yes,No,Good,No,36-45,Medium (5-7h)
47,7,8,5,No,Yes,No,Yes,Good,Yes,46-51,High (8-10h)
18,10,6,5,Yes,No,No,Sometimes,Good,No,18-25,Medium (5-7h)
21,6,10,6,Yes,Yes,No,Yes,Bad,No,18-25,High (8-10h)
40,8,6,4,No,Yes,No,Yes,Good,No,36-45,Medium (5-7h)
39,8,4,6,No,Yes,Yes,Sometimes,Good,No,36-45,Low (1-4h)
21,10,3,1,Yes,Yes,No,No,Good,No,18-25,Low (1-4h)
21,5,8,6,Yes,Yes,No,Yes,Good,Yes,18-25,High (8-10h)
21,7,5,3,No,Yes,No,No,Bad,No,18-25,Medium (5-7h)
26,4,7,7,Yes,Yes,Yes,No,Bad,Yes,26-35,Medium (5-7h)
37,6,10,3,Yes,Yes,Yes,No,Good,Yes,36-45,High (8-10h)
51,10,5,6,No,No,Yes,Sometimes,Good,No,46-51,Medium (5-7h)
37,4,10,9,Yes,Yes,Yes,Sometimes,Bad,Yes,36-45,High (8-10h)
44,4,9,8,Yes,Yes,Yes,No,Bad,Yes,36-45,High (8-10h)
45,5,5,7,Yes,No,Yes,Sometimes,Good,Yes,36-45,Medium (5-7h)
32,7,5,8,No,No,No,Sometimes,Bad,Not Sure,26-35,Medium (5-7h)
50,10,4,2,Yes,Yes,Yes,Yes,Good,No,46-51,Low (1-4h)
43,9,3,1,Yes,No,No,No,Good,No,36-45,Low (1-4h)
51,4,9,7,Yes,Yes,Yes,Yes,Bad,Yes,46-51,High (8-10h)
30,6,8,6,No,No,Yes,Sometimes,Good,No,26-35,High (8-10h)
25,8,4,1,No,No,Yes,No,Good,No,18-25,Low (1-4h)
41,7,9,5,Yes,Yes,No,No,Bad,Not Sure,36-45,High (8-10h)
51,7,5,8,Yes,No,Yes,Sometimes,Good,No,46-51,Medium (5-7h)
49,4,10,9,No,No,No,Yes,Bad,Yes,46-51,High (8-10h)
28,4,8,10,No,Yes,No,Yes,Bad,Yes,26-35,High (8-10h)
28,7,5,7,No,No,Yes,No,Bad,No,26-35,Medium (5-7h)
29,10,3,4,No,Yes,No,Sometimes,Good,No,26-35,Low (1-4h)
42,6,10,4,Yes,Yes,Yes,Yes,Good,Yes,36-45,High (8-10h)
36,8,3,1,Yes,Yes,No,No,Good,No,36-45,Low (1-4h)
40,10,3,4,No,Yes,No,Sometimes,Good,No,36-45,Low (1-4h)
49,8,3,1,Yes,No,Yes,Sometimes,Good,No,46-51,Low (1-4h)
38,10,3,5,No,No,Yes,Sometimes,Good,No,36-45,Low (1-4h)
34,10,3,4,No,Yes,Yes,No,Good,No,26-35,Low (1-4h)
51,8,5,5,Yes,No,No,Yes,Good,No,46-51,Medium (5-7h)
22,5,7,8,Yes,No,Yes,Yes,Bad,Yes,18-25,Medium (5-7h)
18,8,3,1,Yes,Yes,Yes,Sometimes,Good,No,18-25,Low (1-4h)
18,5,8,5,No,No,No,No,Good,No,18-25,High (8-10h)
18,7,10,6,No,Yes,No,Sometimes,Bad,Yes,18-25,High (8-10h)
26,4,10,10,Yes,Yes,No,Yes,Bad,Yes,26-35,High (8-10h)
51,4,8,7,Yes,No,No,Yes,Bad,Yes,46-51,High (8-10h)
51,8,6,3,Yes,Yes,Yes,Yes,Good,No,46-51,Medium (5-7h)
31,10,3,6,No,No,No,No,Good,No,26-35,Low (1-4h)
31,4,10,8,No,No,No,Sometimes,Bad,Yes,26-35,High (8-10h)
26,6,8,7,Yes,Yes,Yes,Sometimes,Good,No,26-35,High (8-10h)
36,10,5,6,Yes,No,Yes,No,Good,No,36-45,Medium (5-7h)
18,5,7,7,Yes,No,No,No,Good,Not Sure,18-25,Medium (5-7h)
34,5,10,6,Yes,Yes,Yes,No,Good,Not Sure,26-35,High (8-10h)
22,4,10,9,No,No,Yes,No,Bad,Yes,18-25,High (8-10h)
34,4,10,9,Yes,Yes,No,Sometimes,Bad,Yes,26-35,High (8-10h)
18,5,5,8,No,No,No,No,Bad,No,18-25,Medium (5-7h)
43,10,4,2,Yes,Yes,Yes,Yes,Good,No,36-45,Low (1-4h)
19,9,6,3,Yes,No,Yes,Yes,Good,No,18-25,Medium (5-7h)
45,10,6,1,Yes,Yes,No,No,Good,No,36-45,Medium (5-7h)
22,9,3,6,Yes,Yes,Yes,Yes,Good,No,18-25,Low (1-4h)
18,6,7,6,Yes,Yes,No,Sometimes,Bad,No,18-25,Medium (5-7h)
28,8,5,4,Yes,Yes,No,Sometimes,Good,No,26-35,Medium (5-7h)
21,8,5,6,No,Yes,No,Yes,Good,No,18-25,Medium (5-7h)
47,8,3,3,No,Yes,Yes,Yes,Good,No,46-51,Low (1-4h)
33,7,9,7,No,No,No,Yes,Good,Yes,26-35,High (8-10h)
24,5,5,5,No,No,Yes,Sometimes,Good,Yes,18-25,Medium (5-7h)
51,6,7,5,Yes,No,Yes,Sometimes,Bad,No,46-51,Medium (5-7h)
24,6,5,3,Yes,Yes,Yes,No,Good,No,18-25,Medium (5-7h)
25,8,3,5,No,Yes,Yes,Sometimes,Good,No,18-25,Low (1-4h)
39,8,6,1,Yes,No,Yes,No,Good,No,36-45,Medium (5-7h)
48,7,8,6,Yes,Yes,Yes,Sometimes,Bad,Not Sure,46-51,High (8-10h)
35,5,8,3,Yes,No,No,Sometimes,Good,No,26-35,High (8-10h)
43,4,10,9,No,No,Yes,Sometimes,Bad,Yes,36-45,High (8-10h)
45,6,10,5,No,Yes,Yes,Yes,Good,Not Sure,36-45,High (8-10h)
23,7,5,3,No,Yes,No,No,Bad,No,18-25,Medium (5-7h)
18,5,10,5,No,No,No,Sometimes,Good,Not Sure,18-25,High (8-10h)
49,9,3,2,Yes,Yes,Yes,No,Good,No,46-51,Low (1-4h)
32,4,8,9,No,Yes,Yes,Sometimes,Bad,Yes,26-35,High (8-10h)
48,9,3,5,No,Yes,Yes,Yes,Good,No,46-51,Low (1-4h)
19,7,7,3,Yes,No,No,Sometimes,Bad,Not Sure,18-25,Medium (5-7h)
41,10,3,5,No,Yes,Yes,Sometimes,Good,No,36-45,Low (1-4h)
47,8,3,2,No,No,No,Yes,Good,No,46-51,Low (1-4h)
27,7,6,3,No,No,No,Yes,Good,No,26-35,Medium (5-7h)
30,9,3,3,No,Yes,No,Sometimes,Good,No,26-35,Low (1-4h)
34,4,10,7,Yes,Yes,No,Yes,Bad,Yes,26-35,High (8-10h)
18,5,9,5,Yes,No,Yes,No,Good,Not Sure,18-25,High (8-10h)
36,5,8,5,No,No,Yes,No,Good,Not Sure,36-45,High (8-10h)
18,10,3,5,No,Yes,No,Yes,Good,No,18-25,Low (1-4h)
21,9,3,5,No,Yes,No,Yes,Good,No,18-25,Low (1-4h)
18,10,3,1,Yes,Yes,Yes,No,Good,No,18-25,Low (1-4h)
43,6,8,3,No,Yes,Yes,No,Bad,Yes,36-45,High (8-10h)
20,8,4,5,No,Yes,No,No,Good,No,18-25,Low (1-4h)
42,4,10,8,No,Yes,No,Yes,Bad,Yes,36-45,High (8-10h)
43,8,3,4,No,No,No,Yes,Good,No,36-45,Low (1-4h)
46,10,3,3,No,No,No,No,Good,No,46-51,Low (1-4h)
34,6,10,5,No,Yes,Yes,No,Bad,No,26-35,High (8-10h)
42,9,3,3,No,Yes,No,Sometimes,Good,No,36-45,Low (1-4h)
27,9,4,5,No,Yes,Yes,Sometimes,Good,No,26-35,Low (1-4h)
24,8,3,4,Yes,No,Yes,Sometimes,Good,No,18-25,Low (1-4h)
45,5,8,5,Yes,Yes,Yes,No,Bad,Yes,36-45,High (8-10h)
43,6,6,6,Yes,Yes,No,Sometimes,Good,No,36-45,Medium (5-7h)
49,10,6,5,No,No,Yes,Yes,Good,No,46-51,Medium (5-7h)
47,9,3,6,Yes,No,Yes,Yes,Good,No,46-51,Low (1-4h)
32,10,3,3,Yes,No,No,No,Good,No,26-35,Low (1-4h)
49,6,6,6,Yes,No,No,Sometimes,Bad,Not Sure,46-51,Medium (5-7h)
42,6,8,5,No,Yes,No,Yes,Good,Yes,36-45,High (8-10h)
30,6,9,8,No,Yes,No,Yes,Good,No,26-35,High (8-10h)
18,6,8,3,Yes,Yes,Yes,No,Good,Not Sure,18-25,High (8-10h)
47,5,7,8,Yes,Yes,Yes,Sometimes,Good,No,46-51,Medium (5-7h)
18,8,6,3,Yes,Yes,No,Yes,Good,No,18-25,Medium (5-7h)
24,6,8,6,No,No,Yes,Yes,Good,Yes,18-25,High (8-10h)
20,5,8,6,Yes,Yes,No,Sometimes,Good,No,18-25,High (8-10h)
40,5,10,7,Yes,Yes,Yes,Yes,Bad,Yes,36-45,High (8-10h)
35,6,6,8,Yes,Yes,No,No,Good,Yes,26-35,Medium (5-7h)
25,8,3,5,Yes,No,No,Yes,Good,No,18-25,Low (1-4h)
26,5,10,4,No,No,Yes,No,Good,Not Sure,26-35,High (8-10h)
18,6,6,4,Yes,Yes,Yes,No,Good,No,18-25,Medium (5-7h)
24,7,8,4,No,No,No,Yes,Good,No,18-25,High (8-10h)
35,10,4,5,No,Yes,Yes,Yes,Good,No,26-35,Low (1-4h)
18,4,8,7,Yes,Yes,Yes,Yes,Bad,Yes,18-25,High (8-10h)
48,9,3,1,No,No,No,No,Good,No,46-51,Low (1-4h)
23,9,4,4,Yes,No,Yes,Yes,Good,No,18-25,Low (1-4h)
39,7,10,5,Yes,No,Yes,Yes,Bad,No,36-45,High (8-10h)
33,7,9,7,Yes,No,Yes,No,Good,No,26-35,High (8-10h)
33,4,8,10,Yes,No,No,No,Bad,Yes,26-35,High (8-10h)
51,5,5,4,No,No,No,No,Good,Yes,46-51,Medium (5-7h)
18,4,10,7,No,Yes,Yes,Yes,Bad,Yes,18-25,High (8-10h)
34,4,10,9,No,No,No,Sometimes,Bad,Yes,26-35,High (8-10h)
44,9,6,1,No,Yes,No,No,Good,No,36-45,Medium (5-7h)
32,4,9,10,No,Yes,Yes,No,Bad,Yes,26-35,High (8-10h)
41,5,8,4,Yes,No,Yes,Sometimes,Bad,Not Sure,36-45,High (8-10h)
50,5,7,8,No,No,Yes,Sometimes,Bad,Yes,46-51,Medium (5-7h)
51,5,5,8,Yes,No,No,No,Bad,Yes,46-51,Medium (5-7h)
31,7,5,8,No,No,Yes,Sometimes,Bad,Not Sure,26-35,Medium (5-7h)
21,6,6,3,Yes,Yes,No,Sometimes,Bad,No,18-25,Medium (5-7h)
33,9,4,5,No,No,Yes,No,Good,No,26-35,Low (1-4h)
51,6,10,4,No,Yes,No,No,Good,No,46-51,High (8-10h)
29,10,3,4,No,Yes,No,Yes,Good,No,26-35,Low (1-4h)
18,5,8,4,Yes,No,No,Sometimes,Bad,Yes,18-25,High (8-10h)
51,4,10,9,No,Yes,No,Sometimes,Bad,Yes,46-51,High (8-10h)
51,8,3,2,Yes,No,No,Sometimes,Good,No,46-51,Low (1-4h)
41,6,7,5,No,Yes,Yes,Sometimes,Good,No,36-45,Medium (5-7h)
21,10,6,2,Yes,No,No,No,Good,No,18-25,Medium (5-7h)
31,7,8,7,No,Yes,No,No,Bad,Not Sure,26-35,High (8-10h)
35,6,8,6,No,No,Yes,No,Good,No,26-35,High (8-10h)
26,5,8,8,Yes,No,Yes,Yes,Bad,Yes,26-35,High (8-10h)
18,7,6,7,No,Yes,Yes,No,Good,Yes,18-25,Medium (5-7h)
23,8,3,2,No,Yes,No,No,Good,No,18-25,Low (1-4h)
18,5,6,6,Yes,Yes,No,No,Bad,Not Sure,18-25,Medium (5-7h)
40,10,3,2,Yes,Yes,Yes,Yes,Good,No,36-45,Low (1-4h)
24,10,6,6,No,Yes,Yes,Sometimes,Good,No,18-25,Medium (5-7h)
39,6,8,4,No,Yes,Yes,Sometimes,Bad,Yes,36-45,High (8-10h)
36,5,10,3,Yes,No,No,No,Good,Not Sure,36-45,High (8-10h)
35,5,6,4,No,No,No,Sometimes,Bad,Yes,26-35,Medium (5-7h)
34,4,10,8,No,Yes,Yes,No,Bad,Yes,26-35,High (8-10h)
41,10,4,3,No,Yes,No,Yes,Good,No,36-45,Low (1-4h)
46,8,3,1,Yes,No,Yes,No,Good,No,46-51,Low (1-4h)
51,10,6,2,No,No,No,Yes,Good,No,46-51,Medium (5-7h)
38,7,10,6,Yes,Yes,Yes,Yes,Good,Yes,36-45,High (8-10h)
51,8,5,2,Yes,No,Yes,Sometimes,Good,No,46-51,Medium (5-7h)
32,6,7,3,Yes,No,Yes,Yes,Good,Yes,26-35,Medium (5-7h)
36,10,4,1,Yes,No,Yes,Yes,Good,No,36-45,Low (1-4h)
51,8,6,6,Yes,No,No,No,Good,No,46-51,Medium (5-7h)
46,6,8,8,Yes,Yes,No,No,Good,No,46-51,High (8-10h)
26,7,9,3,Yes,Yes,Yes,Yes,Good,Yes,26-35,High (8-10h)
35,8,4,4,No,No,Yes,No,Good,No,26-35,Low (1-4h)
51,4,7,8,No,Yes,No,Yes,Bad,Yes,46-51,Medium (5-7h)
51,6,7,3,Yes,No,No,Yes,Good,Not Sure,46-51,Medium (5-7h)
30,9,3,1,No,Yes,Yes,Yes,Good,No,26-35,Low (1-4h)
40,9,5,4,Yes,No,No,Yes,Good,No,36-45,Medium (5-7h)
41,7,10,5,Yes,Yes,No,Yes,Good,Not Sure,36-45,High (8-10h)
18,9,5,4,No,Yes,No,No,Good,No,18-25,Medium (5-7h)
45,9,4,3,No,No,No,Sometimes,Good,No,36-45,Low (1-4h)
41,9,4,4,Yes,Yes,No,Sometimes,Good,No,36-45,Low (1-4h)
24,5,8,7,Yes,Yes,Yes,No,Bad,Yes,18-25,High (8-10h)
22,9,3,2,Yes,No,No,Sometimes,Good,No,18-25,Low (1-4h)
27,4,7,9,No,Yes,Yes,No,Bad,Yes,26-35,Medium (5-7h)
35,10,5,2,Yes,No,Yes,No,Good,No,26-35,Medium (5-7h)
48,6,8,4,No,Yes,Yes,No,Bad,Not Sure,46-51,High (8-10h)
36,5,10,4,Yes,Yes,Yes,Yes,Good,No,36-45,High (8-10h)
35,7,9,7,Yes,Yes,No,No,Bad,Yes,26-35,High (8-10h)
47,9,3,4,No,Yes,Yes,No,Good,No,46-51,Low (1-4h)
37,7,7,3,No,No,No,Sometimes,Bad,Not Sure,36-45,Medium (5-7h)
18,9,5,1,Yes,No,Yes,No,Good,No,18-25,Medium (5-7h)
19,9,3,3,Yes,No,Yes,No,Good,No,18-25,Low (1-4h)
18,6,10,8,No,Yes,Yes,No,Bad,No,18-25,High (8-10h)
18,9,5,1,Yes,No,No,Sometimes,Good,No,18-25,Medium (5-7h)
21,5,9,5,Yes,Yes,Yes,Yes,Good,Not Sure,18-25,High (8-10h)
31,4,10,7,Yes,Yes,No,No,Bad,Yes,26-35,High (8-10h)
38,6,5,7,No,Yes,No,Sometimes,Bad,No,36-45,Medium (5-7h)
51,7,8,8,No,No,Yes,No,Bad,Yes,46-51,High (8-10h)
29,6,6,5,Yes,Yes,No,Yes,Bad,Not Sure,26-35,Medium (5-7h)
25,10,3,4,Yes,Yes,No,Sometimes,Good,No,18-25,Low (1-4h)
21,7,6,4,Yes,Yes,No,Yes,Bad,Not Sure,18-25,Medium (5-7h)
50,7,7,5,No,Yes,Yes,No,Good,No,46-51,Medium (5-7h)
51,5,10,6,No,Yes,No,Sometimes,Bad,Yes,46-51,High (8-10h)
51,10,4,5,No,Yes,No,Sometimes,Good,No,46-51,Low (1-4h)
40,10,3,6,Yes,Yes,No,No,Good,No,36-45,Low (1-4h)
30,10,5,1,Yes,Yes,No,Yes,Good,No,26-35,Medium (5-7h)
51,4,10,10,No,No,No,Sometimes,Bad,Yes,46-51,High (8-10h)
33,7,6,5,Yes,No,Yes,No,Good,No,26-35,Medium (5-7h)
35,10,3,2,Yes,Yes,Yes,Sometimes,Good,No,26-35,Low (1-4h)
45,4,7,8,No,Yes,No,Yes,Bad,Yes,36-45,Medium (5-7h)
18,5,10,4,No,Yes,No,Yes,Bad,Yes,18-25,High (8-10h)
20,10,4,5,Yes,Yes,Yes,Yes,Good,No,18-25,Low (1-4h)
18,8,4,4,No,No,No,Sometimes,Good,No,18-25,Low (1-4h)
18,6,8,8,No,Yes,No,Sometimes,Bad,Yes,18-25,High (8-10h)
48,4,10,7,No,Yes,No,Yes,Bad,Yes,46-51,High (8-10h)
51,9,3,5,No,No,No,Sometimes,Good,No,46-51,Low (1-4h)
32,7,5,4,Yes,No,Yes,Yes,Good,Yes,26-35,Medium (5-7h)
31,6,8,8,No,Yes,Yes,Sometimes,Good,Not Sure,26-35,High (8-10h)
41,9,3,1,No,No,No,Yes,Good,No,36-45,Low (1-4h)
51,8,3,4,No,Yes,Yes,No,Good,No,46-51,Low (1-4h)
24,7,6,8,Yes,No,Yes,Yes,Bad,Yes,18-25,Medium (5-7h)
35,8,5,6,No,Yes,Yes,No,Good,No,26-35,Medium (5-7h)
43,10,6,5,No,Yes,Yes,Sometimes,Good,No,36-45,Medium (5-7h)
51,5,8,6,Yes,Yes,Yes,Sometimes,Bad,Not Sure,46-51,High (8-10h)
40,5,5,7,No,No,Yes,No,Bad,Yes,36-45,Medium (5-7h)
45,6,5,6,Yes,No,Yes,Sometimes,Bad,Not Sure,36-45,Medium (5-7h)
21,6,9,7,Yes,Yes,No,Sometimes,Bad,No,18-25,High (8-10h)
25,4,7,9,Yes,No,Yes,Sometimes,Bad,Yes,18-25,Medium (5-7h)
22,4,10,7,Yes,Yes,Yes,No,Bad,Yes,18-25,High (8-10h)
35,5,5,7,Yes,No,No,No,Good,Yes,26-35,Medium (5-7h)
28,7,8,4,No,Yes,No,No,Good,No,26-35,High (8-10h)
51,4,9,9,Yes,Yes,Yes,No,Bad,Yes,46-51,High (8-10h)
41,8,3,4,No,No,No,Sometimes,Good,No,36-45,Low (1-4h)
31,7,8,8,No,Yes,Yes,Sometimes,Good,Not Sure,26-35,High (8-10h)
51,6,5,5,Yes,No,Yes,No,Good,Yes,46-51,Medium (5-7h)
51,5,5,6,Yes,No,Yes,Sometimes,Good,Not Sure,46-51,Medium (5-7h)
43,10,3,6,No,Yes,Yes,Sometimes,Good,No,36-45,Low (1-4h)
42,10,5,3,No,Yes,No,No,Good,No,36-45,Medium (5-7h)
18,8,5,3,No,No,No,Yes,Good,No,18-25,Medium (5-7h)
22,10,3,2,Yes,No,Yes,Yes,Good,No,18-25,Low (1-4h)
20,5,9,7,No,No,Yes,Yes,Bad,No,18-25,High (8-10h)
22,10,3,6,No,No,No,No,Good,No,18-25,Low (1-4h)
46,7,9,8,Yes,No,No,No,Bad,Not Sure,46-51,High (8-10h)
18,6,10,6,No,No,Yes,No,Bad,Yes,18-25,High (8-10h)
51,8,4,1,Yes,No,Yes,Yes,Good,No,46-51,Low (1-4h)
33,10,4,6,Yes,No,No,No,Good,No,26-35,Low (1-4h)
29,7,5,7,Yes,Yes,Yes,Sometimes,Bad,Not Sure,26-35,Medium (5-7h)
34,6,7,8,No,Yes,No,Sometimes,Bad,No,26-35,Medium (5-7h)
28,6,5,8,No,Yes,Yes,Sometimes,Bad,No,26-35,Medium (5-7h)
38,4,7,8,Yes,No,No,No,Bad,Yes,36-45,Medium (5-7h)
32,10,5,2,No,Yes,Yes,Sometimes,Good,No,26-35,Medium (5-7h)
37,10,4,1,Yes,No,No,Sometimes,Good,No,36-45,Low (1-4h)
51,7,5,5,Yes,Yes,Yes,Sometimes,Bad,Not Sure,46-51,Medium (5-7h)
38,6,9,7,Yes,No,No,No,Good,No,36-45,High (8-10h)
31,10,6,6,No,Yes,Yes,Yes,Good,No,26-35,Medium (5-7h)
49,7,10,4,Yes,No,No,Yes,Bad,Yes,46-51,High (8-10h)
42,5,7,7,No,No,No,Sometimes,Bad,No,36-45,Medium (5-7h)
23,6,10,4,No,Yes,No,Yes,Good,Not Sure,18-25,High (8-10h)
22,9,3,2,Yes,No,Yes,Sometimes,Good,No,18-25,Low (1-4h)
25,5,8,5,No,Yes,Yes,Sometimes,Bad,Not Sure,18-25,High (8-10h)
44,4,10,10,No,Yes,No,Sometimes,Bad,Yes,36-45,High (8-10h)
51,7,9,4,Yes,Yes,Yes,Sometimes,Good,Not Sure,46-51,High (8-10h)
35,9,3,1,No,No,No,Sometimes,Good,No,26-35,Low (1-4h)
26,9,4,6,Yes,No,Yes,Sometimes,Good,No,26-35,Low (1-4h)
51,7,9,4,Yes,No,No,Yes,Bad,No,46-51,High (8-10h)
33,4,10,7,Yes,Yes,Yes,Yes,Bad,Yes,26-35,High (8-10h)
44,10,3,1,Yes,No,No,Sometimes,Good,No,36-45,Low (1-4h)
33,10,3,3,No,No,No,Sometimes,Good,No,26-35,Low (1-4h)
31,6,9,3,Yes,No,Yes,No,Bad,Yes,26-35,High (8-10h)
44,10,5,6,No,No,No,Yes,Good,No,36-45,Medium (5-7h)
19,9,3,1,No,Yes,No,No,Good,No,18-25,Low (1-4h)
39,6,6,5,No,No,No,Yes,Good,No,36-45,Medium (5-7h)
33,10,3,6,Yes,Yes,No,No,Good,No,26-35,Low (1-4h)
42,8,3,6,Yes,Yes,No,No,Good,No,36-45,Low (1-4h)
18,6,8,3,Yes,Yes,No,Sometimes,Bad,Yes,18-25,High (8-10h)
24,5,10,8,Yes,No,Yes,No,Good,Not Sure,18-25,High (8-10h)
38,9,6,1,No,Yes,No,Yes,Good,No,36-45,Medium (5-7h)
33,10,3,5,Yes,Yes,No,Yes,Good,No,26-35,Low (1-4h)
50,4,7,8,No,No,No,Yes,Bad,Yes,46-51,Medium (5-7h)
51,9,3,1,Yes,No,No,Sometimes,Good,No,46-51,Low (1-4h)
43,7,7,5,Yes,No,Yes,No,Bad,No,36-45,Medium (5-7h)
33,8,4,1,No,No,No,No,Good,No,26-35,Low (1-4h)
44,5,10,4,Yes,Yes,Yes,Sometimes,Good,Not Sure,36-45,High (8-10h)
39,10,3,3,Yes,No,No,Yes,Good,No,36-45,Low (1-4h)
51,9,3,4,Yes,Yes,No,No,Good,No,46-51,Low (1-4h)
51,4,9,7,No,Yes,Yes,No,Bad,Yes,46-51,High (8-10h)
37,9,3,4,Yes,No,Yes,No,Good,No,36-45,Low (1-4h)
51,10,4,4,No,No,Yes,Sometimes,Good,No,46-51,Low (1-4h)
49,8,6,1,Yes,No,Yes,Sometimes,Good,No,46-51,Medium (5-7h)
43,6,7,3,No,No,No,No,Bad,No,36-45,Medium (5-7h)
40,5,9,4,No,No,No,No,Bad,Yes,36-45,High (8-10h)
18,8,3,6,Yes,Yes,Yes,Sometimes,Good,No,18-25,Low (1-4h)
36,10,5,3,Yes,Yes,Yes,Sometimes,Good,No,36-45,Medium (5-7h)
38,7,10,4,Yes,Yes,Yes,Sometimes,Bad,Yes,36-45,High (8-10h)
45,9,3,5,No,No,No,Yes,Good,No,36-45,Low (1-4h)
43,5,8,3,Yes,No,Yes,Yes,Good,No,36-45,High (8-10h)
41,5,8,3,No,No,No,Yes,Good,No,36-45,High (8-10h)
29,4,10,10,No,No,No,No,Bad,Yes,26-35,High (8-10h)
18,8,3,4,No,No,No,Yes,Good,No,18-25,Low (1-4h)
25,9,5,6,Yes,No,No,No,Good,No,18-25,Medium (5-7h)
51,4,10,10,Yes,Yes,No,Yes,Bad,Yes,46-51,High (8-10h)
28,6,10,7,No,Yes,Yes,Yes,Good,Yes,26-35,High (8-10h)
44,8,6,5,No,No,No,No,Good,No,36-45,Medium (5-7h)
26,7,7,8,Yes,No,No,No,Good,No,26-35,Medium (5-7h)
39,6,8,6,Yes,Yes,No,No,Bad,Not Sure,36-45,High (8-10h)
31,6,6,8,No,Yes,Yes,Sometimes,Bad,Not Sure,26-35,Medium (5-7h)
50,7,10,7,No,No,Yes,Yes,Good,Yes,46-51,High (8-10h)
48,7,10,7,No,Yes,No,Sometimes,Bad,Not Sure,46-51,High (8-10h)
23,7,9,6,No,Yes,No,Yes,Bad,Yes,18-25,High (8-10h)
34,7,9,3,Yes,Yes,Yes,No,Bad,Yes,26-35,High (8-10h)
20,5,10,3,Yes,Yes,No,Sometimes,Good,No,18-25,High (8-10h)
22,8,5,4,No,Yes,No,Yes,Good,No,18-25,Medium (5-7h)
51,7,5,6,No,No,No,Yes,Good,No,46-51,Medium (5-7h)
21,6,6,7,Yes,Yes,No,Yes,Good,Yes,18-25,Medium (5-7h)
18,6,9,3,No,Yes,No,Sometimes,Good,No,18-25,High (8-10h)
18,10,4,1,Yes,Yes,Yes,Sometimes,Good,No,18-25,Low (1-4h)
21,5,8,3,Yes,No,No,Yes,Bad,Not Sure,18-25,High (8-10h)
42,10,5,1,Yes,No,No,Yes,Good,No,36-45,Medium (5-7h)
18,10,6,3,No,Yes,No,No,Good,No,18-25,Medium (5-7h)
33,5,6,6,Yes,Yes,No,Sometimes,Bad,No,26-35,Medium (5-7h)
30,8,5,2,Yes,Yes,No,No,Good,No,26-35,Medium (5-7h)
31,8,3,1,Yes,Yes,No,Sometimes,Good,No,26-35,Low (1-4h)
18,9,4,5,Yes,No,No,Sometimes,Good,No,18-25,Low (1-4h)
20,3,10,5,Yes,No,No,No,Bad,Not Sure,18-25,High (8-10h)
20,6,7,6,Yes,No,No,No,Good,Yes,18-25,Medium (5-7h)
23,10,10,3,Yes,No,No,Yes,Good,Yes,18-25,High (8-10h)
21,6,9,7,Yes,No,No,No,Bad,Yes,18-25,High (8-10h)
20,6,10,7,Yes,Yes,Yes,No,Bad,No,18-25,High (8-10h)
21,8,8,7,Yes,Yes,No,No,Good,Yes,18-25,High (8-10h)
21,6,10,4,Yes,Yes,Yes,No,Bad,Yes,18-25,High (8-10h)
21,3,10,7,Yes,No,No,No,Bad,Not Sure,18-25,High (8-10h)
21,7,4,5,Yes,No,No,Yes,Good,Yes,18-25,Low (1-4h)
21,5,6,5,Yes,No,No,No,Good,Not Sure,18-25,Medium (5-7h)
20,7,10,7,Yes,No,No,No,Bad,Not Sure,18-25,High (8-10h)
20,6,5,8,Yes,Yes,Yes,No,Bad,Not Sure,18-25,Medium (5-7h)
21,6,5,7,Yes,Yes,No,No,Bad,Yes,18-25,Medium (5-7h)
21,7,6,7,Yes,No,No,No,Bad,Not Sure,18-25,Medium (5-7h)
20,6,10,1,No,Yes,No,No,Good,Yes,18-25,High (8-10h)
21,7,10,6,Yes,Yes,Yes,No,Bad,Yes,18-25,High (8-10h)
21,7,9,2,Yes,Yes,No,No,Bad,Yes,18-25,High (8-10h)
21,5,8,4,Yes,No,No,No,Bad,Not Sure,18-25,High (8-10h)
51,10,10,10,Yes,Yes,Yes,Yes,Good,Yes,46-51,High (8-10h)
21,7,10,6,Yes,No,No,No,Bad,Yes,18-25,High (8-10h)
21,3,10,6,Yes,Yes,Yes,No,Bad,Yes,18-25,High (8-10h)
21,5,6,7,Yes,No,No,No,Bad,Not Sure,18-25,Medium (5-7h)
51,7,10,5,Yes,No,Yes,Yes,Good,Not Sure,46-51,High (8-10h)
25,6,7,5,Yes,Yes,No,No,Bad,Not Sure,18-25,Medium (5-7h)
37,8,4,2,No,No,No,Yes,Good,Not Sure,36-45,Low (1-4h)
20,6,8,3,Yes,No,Yes,No,Bad,Yes,18-25,High (8-10h)
20,8,10,1,Yes,No,Yes,No,Bad,Yes,18-25,High (8-10h)
22,5,3,4,Yes,No,No,No,Bad,Yes,18-25,Low (1-4h)
19,6,10,7,Yes,Yes,No,Yes,Good,Yes,18-25,High (8-10h)
20,8,4,7,Yes,No,No,Yes,Good,Yes,18-25,Low (1-4h)
23,9,10,7,Yes,Yes,Yes,No,Good,Not Sure,18-25,High (8-10h)
51,1,10,10,Yes,Yes,Yes,No,Bad,Yes,46-51,High (8-10h)
20,6,10,7,Yes,No,Yes,Yes,Bad,Yes,18-25,High (8-10h)
19,5,10,7,Yes,Yes,No,No,Good,Yes,18-25,High (8-10h)
21,10,8,7,Yes,Yes,No,No,Bad,Yes,18-25,High (8-10h)
21,7,6,3,Yes,No,No,Yes,Good,Yes,18-25,Medium (5-7h)
23,6,10,5,Yes,Yes,No,Yes,Good,Not Sure,18-25,High (8-10h)
20,6,10,6,Yes,No,Yes,No,Bad,Yes,18-25,High (8-10h)
22,5,3,5,Yes,No,No,Yes,Good,Not Sure,18-25,Low (1-4h)
20,5,7,4,Yes,No,No,No,Bad,Not Sure,18-25,Medium (5-7h)
21,6,7,5,Yes,No,Yes,Yes,Good,Not Sure,18-25,Medium (5-7h)
21,6,10,5,Yes,Yes,No,No,Bad,Yes,18-25,High (8-10h)
22,6,5,5,Yes,No,Yes,No,Bad,Yes,18-25,Medium (5-7h)
18,6,7,5,Yes,No,No,Yes,Good,No,18-25,Medium (5-7h)
18,12,10,3,Yes,No,No,Yes,Good,No,18-25,High (8-10h)
18,5,10,7,Yes,Yes,Yes,No,Good,Yes,18-25,High (8-10h)
18,10,4,2,Yes,No,No,Yes,Good,Yes,18-25,Low (1-4h)
18,9,6,2,Yes,No,Yes,Yes,Good,No,18-25,Medium (5-7h)
18,8,3,7,Yes,No,Yes,Yes,Good,Yes,18-25,Low (1-4h)
18,7,5,10,Yes,No,No,Yes,Good,Not Sure,18-25,Medium (5-7h)
18,7,10,7,Yes,No,No,Yes,Good,Yes,18-25,High (8-10h)
18,7,10,7,Yes,No,No,No,Bad,Yes,18-25,High (8-10h)
18,7,7,3,Yes,No,Yes,No,Good,Not Sure,18-25,Medium (5-7h)
18,8,8,5,Yes,No,Yes,Yes,Good,No,18-25,High (8-10h)
18,10,10,6,Yes,No,No,Yes,Good,No,18-25,High (8-10h)
19,6,10,7,Yes,No,No,No,Bad,Yes,18-25,High (8-10h)
21,5,10,5,Yes,No,No,No,Good,Not Sure,18-25,High (8-10h)
18,6,10,10,Yes,No,No,Yes,Bad,Yes,18-25,High (8-10h)
36,4,10,8,Yes,Yes,No,No,Bad,Yes,36-45,High (8-10h)
29,4,5,3,Yes,No,No,No,Good,No,26-35,Medium (5-7h)
18,5,3,9,Yes,No,No,No,Good,Not Sure,18-25,Low (1-4h)
18,7,7,8,Yes,No,Yes,Yes,Bad,Yes,18-25,Medium (5-7h)
18,8,10,5,Yes,No,No,No,Bad,Not Sure,18-25,High (8-10h)
18,9,10,1,Yes,No,Yes,No,Good,No,18-25,High (8-10h)
18,2,10,4,Yes,Yes,No,No,Bad,Yes,18-25,High (8-10h)
18,8,5,4,Yes,Yes,No,Yes,Good,Not Sure,18-25,Medium (5-7h)
19,6,10,7,Yes,No,No,No,Bad,Yes,18-25,High (8-10h)
18,7,10,5,Yes,No,No,No,Bad,Yes,18-25,High (8-10h)
18,10,9,6,Yes,Yes,Yes,No,Bad,Yes,18-25,High (8-10h)
18,6,6,5,Yes,No,No,Yes,Bad,Yes,18-25,Medium (5-7h)
21,8,5,4,Yes,No,Yes,Yes,Good,Not Sure,18-25,Medium (5-7h)
20,8,7,7,Yes,No,Yes,No,Bad,Yes,18-25,Medium (5-7h)
21,6,10,8,Yes,Yes,Yes,No,Bad,Yes,18-25,High (8-10h)
18,9,10,4,Yes,No,No,Yes,Good,Yes,18-25,High (8-10h)
21,7,10,5,Yes,No,Yes,No,Good,No,18-25,High (8-10h)
31,5,6,3,Yes,No,No,No,Bad,Not Sure,26-35,Medium (5-7h)
18,9,10,7,Yes,Yes,No,No,Bad,Not Sure,18-25,High (8-10h)
31,5,10,5,Yes,No,Yes,No,Good,No,26-35,High (8-10h)
51,7,3,8,Yes,No,No,Yes,Good,Not Sure,46-51,Low (1-4h)
18,8,7,4,Yes,No,No,Yes,Good,Yes,18-25,Medium (5-7h)
18,8,10,5,Yes,Yes,No,No,Good,Not Sure,18-25,High (8-10h)
21,10,8,4,Yes,No,Yes,Yes,Good,Not Sure,18-25,High (8-10h)
18,7,8,8,Yes,No,No,No,Good,Not Sure,18-25,High (8-10h)
18,7,3,6,Yes,No,Yes,Yes,Bad,Yes,18-25,Low (1-4h)
18,6,4,6,Yes,No,No,No,Bad,Yes,18-25,Low (1-4h)
18,8,8,1,Yes,No,No,Yes,Good,Yes,18-25,High (8-10h)
